Workbook

Sheet Main
B1: Abusing Fantasy Draft Rankings - 2025
B3: Finding Values | H3: Contact for questions: | J3: Extras
B4: During drafts, the rankings you see will automatically be sorted by the host site's draft rankings. In each tab, the colored tabs will portray how much higher or lower the draft site has the player ranked. Typically if they're ranked higher on the site, they're going to be drafted higher, and vice versa if they are ranked lower - the site ranks influence the draft. These pages will help you during the draft to figure out if it's too early to take a player based on FantasyPros rankings. | H4: Twitter | J4: Newsletter
H5: Reddit
B7: Color Codes | H7: Jump To Page | J7: All Draft Comparisons
B8: Good Value (Blue) | D8: QB | H8: ESPN Standard | J8: Standard
B9: Poor Value (Orange) | D9: RB | H9: ESPN .5PPR | J9: Half PPR
D10: WR | H10: ESPN PPR | J10: PPR
D11: TE | H11: Yahoo Standard
H12: Yahoo .5PPR | J12: Date of Last Update
B13: Extras | H13: Yahoo PPR | J13: 45841
B14: - Insert an x to the left of player names to cross that player off, marking them as drafted. | H14: Sleeper Standard
B15: - In order to edit the sheet, make a copy by going to File > Make a copy | H15: Sleeper .5PPR | J15: Make a Copy
H16: Sleeper PPR | J16: Copy
B17: Sources | H17: NFL
B18: - ESPN draft rankings come from their mock drafts | H18: CBS PPR
B19: - Yahoo x-rank draft rankings come from their mock drafts | H19: Fleaflicker
B20: - Sleeper draft rankings come from their public ADP sheets
B22: New in 2025
B23: Landmine Score: A 0-10 scale rating how risky a player is in your draft room, based on how much earlier they’re ranked on your platform versus expert consensus. 0 = Great value 10 = Landmine, avoid

Sheet Team
B1: Ben | C1: Kev | D1: Hugo | E1: Iack | F1: Thomas | G1: Phil | H1: JF | I1: Jerome | J1: Web | K1: Fred
A2: 1 | B2: =IFERROR(__xludf.DUMMYFUNCTION("IFERROR(INDEX(FILTER(Keeper!$B:$B, Keeper!$A:$A=B$1), ROW(A1)), """")"),"Malik Nabers") | C2: =IFERROR(__xludf.DUMMYFUNCTION("IFERROR(INDEX(FILTER(Keeper!$B:$B, Keeper!$A:$A=C$1), ROW(B1)), """")"),"Jahmyr Gibbs") | D2: =IFERROR(__xludf.DUMMYFUNCTION("IFERROR(INDEX(FILTER(Keeper!$B:$B, Keeper!$A:$A=D$1), ROW(C1)), """")"),"Chase Brown") | E2: =IFERROR(__xludf.DUMMYFUNCTION("IFERROR(INDEX(FILTER(Keeper!$B:$B, Keeper!$A:$A=E$1), ROW(D1)), """")"),"De'Von Achane") | F2: =IFERROR(__xludf.DUMMYFUNCTION("IFERROR(INDEX(FILTER(Keeper!$B:$B, Keeper!$A:$A=F$1), ROW(E1)), """")"),"Christian McCaffrey") | G2: =IFERROR(__xludf.DUMMYFUNCTION("IFERROR(INDEX(FILTER(Keeper!$B:$B, Keeper!$A:$A=G$1), ROW(F1)), """")"),"Drake Maye") | H2: =IFERROR(__xludf.DUMMYFUNCTION("IFERROR(INDEX(FILTER(Keeper!$B:$B, Keeper!$A:$A=H$1), ROW(G1)), """")"),"Garrett Wilson") | I2: =IFERROR(__xludf.DUMMYFUNCTION("IFERROR(INDEX(FILTER(Keeper!$B:$B, Keeper!$A:$A=I$1), ROW(H1)), """")"),"Ja'Marr Chase") | J2: =IFERROR(__xludf.DUMMYFUNCTION("IFERROR(INDEX(FILTER(Keeper!$B:$B, Keeper!$A:$A=J$1), ROW(I1)), """")"),"Omarion Hampton") | K2: =IFERROR(__xludf.DUMMYFUNCTION("IFERROR(INDEX(FILTER(Keeper!$B:$B, Keeper!$A:$A=K$1), ROW(J1)), """")"),"Drake London")
A3: 2 | B3: =IFERROR(__xludf.DUMMYFUNCTION("IFERROR(INDEX(FILTER(Keeper!$B:$B, Keeper!$A:$A=B$1), ROW(A2)), """")"),"Brock Bowers") | C3: =IFERROR(__xludf.DUMMYFUNCTION("IFERROR(INDEX(FILTER(Keeper!$B:$B, Keeper!$A:$A=C$1), ROW(B2)), """")"),"Josh Jacobs") | D3: =IFERROR(__xludf.DUMMYFUNCTION("IFERROR(INDEX(FILTER(Keeper!$B:$B, Keeper!$A:$A=D$1), ROW(C2)), """")"),"Justin Jefferson") | E3: =IFERROR(__xludf.DUMMYFUNCTION("IFERROR(INDEX(FILTER(Keeper!$B:$B, Keeper!$A:$A=E$1), ROW(D2)), """")"),"Ashton Jeanty") | F3: =IFERROR(__xludf.DUMMYFUNCTION("IFERROR(INDEX(FILTER(Keeper!$B:$B, Keeper!$A:$A=F$1), ROW(E2)), """")"),"Jonathan Taylor") | G3: =IFERROR(__xludf.DUMMYFUNCTION("IFERROR(INDEX(FILTER(Keeper!$B:$B, Keeper!$A:$A=G$1), ROW(F2)), """")"),"Saquon Barkley") | H3: =IFERROR(__xludf.DUMMYFUNCTION("IFERROR(INDEX(FILTER(Keeper!$B:$B, Keeper!$A:$A=H$1), ROW(G2)), """")"),"Kyren Williams") | I3: =IFERROR(__xludf.DUMMYFUNCTION("IFERROR(INDEX(FILTER(Keeper!$B:$B, Keeper!$A:$A=I$1), ROW(H2)), """")"),"Chris Olave") | J3: =IFERROR(__xludf.DUMMYFUNCTION("IFERROR(INDEX(FILTER(Keeper!$B:$B, Keeper!$A:$A=J$1), ROW(I2)), """")"),"Bijan Robinson") | K3: =IFERROR(__xludf.DUMMYFUNCTION("IFERROR(INDEX(FILTER(Keeper!$B:$B, Keeper!$A:$A=K$1), ROW(J2)), """")"),"Trey McBride")
A4: 3 | B4: =IFERROR(__xludf.DUMMYFUNCTION("IFERROR(INDEX(FILTER(Keeper!$B:$B, Keeper!$A:$A=B$1), ROW(A3)), """")"),"CeeDee Lamb") | C4: =IFERROR(__xludf.DUMMYFUNCTION("IFERROR(INDEX(FILTER(Keeper!$B:$B, Keeper!$A:$A=C$1), ROW(B3)), """")"),"Rashee Rice") | D4: =IFERROR(__xludf.DUMMYFUNCTION("IFERROR(INDEX(FILTER(Keeper!$B:$B, Keeper!$A:$A=D$1), ROW(C3)), """")"),"George Pickens") | E4: =IFERROR(__xludf.DUMMYFUNCTION("IFERROR(INDEX(FILTER(Keeper!$B:$B, Keeper!$A:$A=E$1), ROW(D3)), """")"),"Amon-Ra St. Brown") | F4: =IFERROR(__xludf.DUMMYFUNCTION("IFERROR(INDEX(FILTER(Keeper!$B:$B, Keeper!$A:$A=F$1), ROW(E3)), """")"),"Puka Nacua") | G4: =IFERROR(__xludf.DUMMYFUNCTION("IFERROR(INDEX(FILTER(Keeper!$B:$B, Keeper!$A:$A=G$1), ROW(F3)), """")"),"Jaxon Smith-Njigba") | H4: =IFERROR(__xludf.DUMMYFUNCTION("IFERROR(INDEX(FILTER(Keeper!$B:$B, Keeper!$A:$A=H$1), ROW(G3)), """")"),"James Cook III") | I4: =IFERROR(__xludf.DUMMYFUNCTION("IFERROR(INDEX(FILTER(Keeper!$B:$B, Keeper!$A:$A=I$1), ROW(H3)), """")"),"Josh Allen") | J4: =IFERROR(__xludf.DUMMYFUNCTION("IFERROR(INDEX(FILTER(Keeper!$B:$B, Keeper!$A:$A=J$1), ROW(I3)), """")"),"Nico Collins") | K4: =IFERROR(__xludf.DUMMYFUNCTION("IFERROR(INDEX(FILTER(Keeper!$B:$B, Keeper!$A:$A=K$1), ROW(J3)), """")"),"Tetairoa McMillan")
A5: 4 | B5: =IFERROR(__xludf.DUMMYFUNCTION("IFERROR(INDEX(FILTER(Draft!$B$2:$B1000, Draft!$A$2:$A1000=B$1), ROW(A1)), """")"),"Travis Etienne Jr.") | C5: =IFERROR(__xludf.DUMMYFUNCTION("IFERROR(INDEX(FILTER(Draft!$B$2:$B1000, Draft!$A$2:$A1000=C$1), ROW(B1)), """")"),"Lamar Jackson") | D5: =IFERROR(__xludf.DUMMYFUNCTION("IFERROR(INDEX(FILTER(Draft!$B$2:$B1000, Draft!$A$2:$A1000=D$1), ROW(C1)), """")"),"Derrick Henry") | E5: =IFERROR(__xludf.DUMMYFUNCTION("IFERROR(INDEX(FILTER(Draft!$B$2:$B1000, Draft!$A$2:$A1000=E$1), ROW(D1)), """")"),"Zay Flowers") | F5: =IFERROR(__xludf.DUMMYFUNCTION("IFERROR(INDEX(FILTER(Draft!$B$2:$B1000, Draft!$A$2:$A1000=F$1), ROW(E1)), """")"),"Tucker Kraft") | G5: =IFERROR(__xludf.DUMMYFUNCTION("IFERROR(INDEX(FILTER(Draft!$B$2:$B1000, Draft!$A$2:$A1000=G$1), ROW(F1)), """")"),"Javonte Williams") | H5: =IFERROR(__xludf.DUMMYFUNCTION("IFERROR(INDEX(FILTER(Draft!$B$2:$B1000, Draft!$A$2:$A1000=H$1), ROW(G1)), """")"),"Colston Loveland") | I5: =IFERROR(__xludf.DUMMYFUNCTION("IFERROR(INDEX(FILTER(Draft!$B$2:$B1000, Draft!$A$2:$A1000=I$1), ROW(H1)), """")"),"") | J5: Jeremiyah Love | K5: =IFERROR(__xludf.DUMMYFUNCTION("IFERROR(INDEX(FILTER(Draft!$B$2:$B1000, Draft!$A$2:$A1000=K$1), ROW(J1)), """")"),"Tee Higgins")
A6: 5 | B6: =IFERROR(__xludf.DUMMYFUNCTION("IFERROR(INDEX(FILTER(Draft!$B$2:$B1000, Draft!$A$2:$A1000=B$1), ROW(A2)), """")"),"Ladd McConkey") | C6: =IFERROR(__xludf.DUMMYFUNCTION("IFERROR(INDEX(FILTER(Draft!$B$2:$B1000, Draft!$A$2:$A1000=C$1), ROW(B2)), """")"),"Joe Burrow") | D6: =IFERROR(__xludf.DUMMYFUNCTION("IFERROR(INDEX(FILTER(Draft!$B$2:$B1000, Draft!$A$2:$A1000=D$1), ROW(C2)), """")"),"Jameson Williams") | E6: =IFERROR(__xludf.DUMMYFUNCTION("IFERROR(INDEX(FILTER(Draft!$B$2:$B1000, Draft!$A$2:$A1000=E$1), ROW(D2)), """")"),"Mike Evans") | F6: =IFERROR(__xludf.DUMMYFUNCTION("IFERROR(INDEX(FILTER(Draft!$B$2:$B1000, Draft!$A$2:$A1000=F$1), ROW(E2)), """")"),"D'Andre Swift") | G6: =IFERROR(__xludf.DUMMYFUNCTION("IFERROR(INDEX(FILTER(Draft!$B$2:$B1000, Draft!$A$2:$A1000=G$1), ROW(F2)), """")"),"Makai Lemon") | H6: =IFERROR(__xludf.DUMMYFUNCTION("IFERROR(INDEX(FILTER(Draft!$B$2:$B1000, Draft!$A$2:$A1000=H$1), ROW(G2)), """")"),"Emeka Egbuka") | I6: =IFERROR(__xludf.DUMMYFUNCTION("IFERROR(INDEX(FILTER(Draft!$B$2:$B1000, Draft!$A$2:$A1000=I$1), ROW(H2)), """")"),"") | J6: =IFERROR(__xludf.DUMMYFUNCTION("IFERROR(INDEX(FILTER(Draft!$B$2:$B1000, Draft!$A$2:$A1000=J$1), ROW(I2)), """")"),"Kenneth Walker III") | K6: =IFERROR(__xludf.DUMMYFUNCTION("IFERROR(INDEX(FILTER(Draft!$B$2:$B1000, Draft!$A$2:$A1000=K$1), ROW(J2)), """")"),"A.J. Brown")
A7: 6 | B7: =IFERROR(__xludf.DUMMYFUNCTION("IFERROR(INDEX(FILTER(Draft!$B$2:$B1000, Draft!$A$2:$A1000=B$1), ROW(A3)), """")"),"Terry McLaurin") | C7: =IFERROR(__xludf.DUMMYFUNCTION("IFERROR(INDEX(FILTER(Draft!$B$2:$B1000, Draft!$A$2:$A1000=C$1), ROW(B3)), """")"),"Bucky Irving") | D7: =IFERROR(__xludf.DUMMYFUNCTION("IFERROR(INDEX(FILTER(Draft!$B$2:$B1000, Draft!$A$2:$A1000=D$1), ROW(C3)), """")"),"Jalen Hurts") | E7: =IFERROR(__xludf.DUMMYFUNCTION("IFERROR(INDEX(FILTER(Draft!$B$2:$B1000, Draft!$A$2:$A1000=E$1), ROW(D3)), """")"),"Alec Pierce") | F7: =IFERROR(__xludf.DUMMYFUNCTION("IFERROR(INDEX(FILTER(Draft!$B$2:$B1000, Draft!$A$2:$A1000=F$1), ROW(E3)), """")"),"Jaylen Warren") | G7: =IFERROR(__xludf.DUMMYFUNCTION("IFERROR(INDEX(FILTER(Draft!$B$2:$B1000, Draft!$A$2:$A1000=G$1), ROW(F3)), """")"),"Caleb Williams") | H7: =IFERROR(__xludf.DUMMYFUNCTION("IFERROR(INDEX(FILTER(Draft!$B$2:$B1000, Draft!$A$2:$A1000=H$1), ROW(G3)), """")"),"DeVonta Smith") | I7: =IFERROR(__xludf.DUMMYFUNCTION("IFERROR(INDEX(FILTER(Draft!$B$2:$B1000, Draft!$A$2:$A1000=I$1), ROW(H3)), """")"),"") | J7: =IFERROR(__xludf.DUMMYFUNCTION("IFERROR(INDEX(FILTER(Draft!$B$2:$B1000, Draft!$A$2:$A1000=J$1), ROW(I3)), """")"),"Josh Jacobs") | K7: =IFERROR(__xludf.DUMMYFUNCTION("IFERROR(INDEX(FILTER(Draft!$B$2:$B1000, Draft!$A$2:$A1000=K$1), ROW(J3)), """")"),"Breece Hall")
A8: 7 | B8: =IFERROR(__xludf.DUMMYFUNCTION("IFERROR(INDEX(FILTER(Draft!$B$2:$B1000, Draft!$A$2:$A1000=B$1), ROW(A4)), """")"),"Christian Watson") | C8: =IFERROR(__xludf.DUMMYFUNCTION("IFERROR(INDEX(FILTER(Draft!$B$2:$B1000, Draft!$A$2:$A1000=C$1), ROW(B4)), """")"),"Jaylen Waddle") | D8: =IFERROR(__xludf.DUMMYFUNCTION("IFERROR(INDEX(FILTER(Draft!$B$2:$B1000, Draft!$A$2:$A1000=D$1), ROW(C4)), """")"),"DJ Moore") | E8: =IFERROR(__xludf.DUMMYFUNCTION("IFERROR(INDEX(FILTER(Draft!$B$2:$B1000, Draft!$A$2:$A1000=E$1), ROW(D4)), """")"),"Jaxson Dart") | F8: =IFERROR(__xludf.DUMMYFUNCTION("IFERROR(INDEX(FILTER(Draft!$B$2:$B1000, Draft!$A$2:$A1000=F$1), ROW(E4)), """")"),"") | G8: =IFERROR(__xludf.DUMMYFUNCTION("IFERROR(INDEX(FILTER(Draft!$B$2:$B1000, Draft!$A$2:$A1000=G$1), ROW(F4)), """")"),"") | H8: =IFERROR(__xludf.DUMMYFUNCTION("IFERROR(INDEX(FILTER(Draft!$B$2:$B1000, Draft!$A$2:$A1000=H$1), ROW(G4)), """")"),"Jordyn Tyson") | I8: =IFERROR(__xludf.DUMMYFUNCTION("IFERROR(INDEX(FILTER(Draft!$B$2:$B1000, Draft!$A$2:$A1000=I$1), ROW(H4)), """")"),"") | J8: =IFERROR(__xludf.DUMMYFUNCTION("IFERROR(INDEX(FILTER(Draft!$B$2:$B1000, Draft!$A$2:$A1000=J$1), ROW(I4)), """")"),"Davante Adams") | K8: =IFERROR(__xludf.DUMMYFUNCTION("IFERROR(INDEX(FILTER(Draft!$B$2:$B1000, Draft!$A$2:$A1000=K$1), ROW(J4)), """")"),"Jayden Daniels")
A9: 8 | B9: =IFERROR(__xludf.DUMMYFUNCTION("IFERROR(INDEX(FILTER(Draft!$B$2:$B1000, Draft!$A$2:$A1000=B$1), ROW(A5)), """")"),"TreVeyon Henderson") | C9: =IFERROR(__xludf.DUMMYFUNCTION("IFERROR(INDEX(FILTER(Draft!$B$2:$B1000, Draft!$A$2:$A1000=C$1), ROW(B5)), """")"),"Rome Odunze") | D9: =IFERROR(__xludf.DUMMYFUNCTION("IFERROR(INDEX(FILTER(Draft!$B$2:$B1000, Draft!$A$2:$A1000=D$1), ROW(C5)), """")"),"Courtland Sutton") | E9: =IFERROR(__xludf.DUMMYFUNCTION("IFERROR(INDEX(FILTER(Draft!$B$2:$B1000, Draft!$A$2:$A1000=E$1), ROW(D5)), """")"),"Harold Fannin Jr.") | F9: =IFERROR(__xludf.DUMMYFUNCTION("IFERROR(INDEX(FILTER(Draft!$B$2:$B1000, Draft!$A$2:$A1000=F$1), ROW(E5)), """")"),"") | G9: =IFERROR(__xludf.DUMMYFUNCTION("IFERROR(INDEX(FILTER(Draft!$B$2:$B1000, Draft!$A$2:$A1000=G$1), ROW(F5)), """")"),"") | H9: =IFERROR(__xludf.DUMMYFUNCTION("IFERROR(INDEX(FILTER(Draft!$B$2:$B1000, Draft!$A$2:$A1000=H$1), ROW(G5)), """")"),"RJ Harvey") | I9: =IFERROR(__xludf.DUMMYFUNCTION("IFERROR(INDEX(FILTER(Draft!$B$2:$B1000, Draft!$A$2:$A1000=I$1), ROW(H5)), """")"),"") | J9: =IFERROR(__xludf.DUMMYFUNCTION("IFERROR(INDEX(FILTER(Draft!$B$2:$B1000, Draft!$A$2:$A1000=J$1), ROW(I5)), """")"),"Luther Burden III") | K9: =IFERROR(__xludf.DUMMYFUNCTION("IFERROR(INDEX(FILTER(Draft!$B$2:$B1000, Draft!$A$2:$A1000=K$1), ROW(J5)), """")"),"Carnell Tate")
A10: 9 | B10: =IFERROR(__xludf.DUMMYFUNCTION("IFERROR(INDEX(FILTER(Draft!$B$2:$B1000, Draft!$A$2:$A1000=B$1), ROW(A6)), """")"),"Quinshon Judkins") | C10: =IFERROR(__xludf.DUMMYFUNCTION("IFERROR(INDEX(FILTER(Draft!$B$2:$B1000, Draft!$A$2:$A1000=C$1), ROW(B6)), """")"),"Justin Herbert") | D10: =IFERROR(__xludf.DUMMYFUNCTION("IFERROR(INDEX(FILTER(Draft!$B$2:$B1000, Draft!$A$2:$A1000=D$1), ROW(C6)), """")"),"") | E10: =IFERROR(__xludf.DUMMYFUNCTION("IFERROR(INDEX(FILTER(Draft!$B$2:$B1000, Draft!$A$2:$A1000=E$1), ROW(D6)), """")"),"") | F10: =IFERROR(__xludf.DUMMYFUNCTION("IFERROR(INDEX(FILTER(Draft!$B$2:$B1000, Draft!$A$2:$A1000=F$1), ROW(E6)), """")"),"") | G10: =IFERROR(__xludf.DUMMYFUNCTION("IFERROR(INDEX(FILTER(Draft!$B$2:$B1000, Draft!$A$2:$A1000=G$1), ROW(F6)), """")"),"") | H10: =IFERROR(__xludf.DUMMYFUNCTION("IFERROR(INDEX(FILTER(Draft!$B$2:$B1000, Draft!$A$2:$A1000=H$1), ROW(G6)), """")"),"Blake Corum") | I10: =IFERROR(__xludf.DUMMYFUNCTION("IFERROR(INDEX(FILTER(Draft!$B$2:$B1000, Draft!$A$2:$A1000=I$1), ROW(H6)), """")"),"") | J10: =IFERROR(__xludf.DUMMYFUNCTION("IFERROR(INDEX(FILTER(Draft!$B$2:$B1000, Draft!$A$2:$A1000=J$1), ROW(I6)), """")"),"Cam Skattebo") | K10: =IFERROR(__xludf.DUMMYFUNCTION("IFERROR(INDEX(FILTER(Draft!$B$2:$B1000, Draft!$A$2:$A1000=K$1), ROW(J6)), """")"),"DK Metcalf")
A11: 10 | B11: =IFERROR(__xludf.DUMMYFUNCTION("IFERROR(INDEX(FILTER(Draft!$B$2:$B1000, Draft!$A$2:$A1000=B$1), ROW(A7)), """")"),"Tyler Warren") | C11: =IFERROR(__xludf.DUMMYFUNCTION("IFERROR(INDEX(FILTER(Draft!$B$2:$B1000, Draft!$A$2:$A1000=C$1), ROW(B7)), """")"),"") | D11: =IFERROR(__xludf.DUMMYFUNCTION("IFERROR(INDEX(FILTER(Draft!$B$2:$B1000, Draft!$A$2:$A1000=D$1), ROW(C7)), """")"),"") | E11: =IFERROR(__xludf.DUMMYFUNCTION("IFERROR(INDEX(FILTER(Draft!$B$2:$B1000, Draft!$A$2:$A1000=E$1), ROW(D7)), """")"),"") | F11: =IFERROR(__xludf.DUMMYFUNCTION("IFERROR(INDEX(FILTER(Draft!$B$2:$B1000, Draft!$A$2:$A1000=F$1), ROW(E7)), """")"),"") | G11: =IFERROR(__xludf.DUMMYFUNCTION("IFERROR(INDEX(FILTER(Draft!$B$2:$B1000, Draft!$A$2:$A1000=G$1), ROW(F7)), """")"),"") | H11: =IFERROR(__xludf.DUMMYFUNCTION("IFERROR(INDEX(FILTER(Draft!$B$2:$B1000, Draft!$A$2:$A1000=H$1), ROW(G7)), """")"),"") | I11: =IFERROR(__xludf.DUMMYFUNCTION("IFERROR(INDEX(FILTER(Draft!$B$2:$B1000, Draft!$A$2:$A1000=I$1), ROW(H7)), """")"),"") | J11: =IFERROR(__xludf.DUMMYFUNCTION("IFERROR(INDEX(FILTER(Draft!$B$2:$B1000, Draft!$A$2:$A1000=J$1), ROW(I7)), """")"),"David Montgomery") | K11: =IFERROR(__xludf.DUMMYFUNCTION("IFERROR(INDEX(FILTER(Draft!$B$2:$B1000, Draft!$A$2:$A1000=K$1), ROW(J7)), """")"),"")
A12: 11 | B12: =IFERROR(__xludf.DUMMYFUNCTION("IFERROR(INDEX(FILTER(Draft!$B$2:$B1000, Draft!$A$2:$A1000=B$1), ROW(A8)), """")"),"") | C12: =IFERROR(__xludf.DUMMYFUNCTION("IFERROR(INDEX(FILTER(Draft!$B$2:$B1000, Draft!$A$2:$A1000=C$1), ROW(B8)), """")"),"") | D12: =IFERROR(__xludf.DUMMYFUNCTION("IFERROR(INDEX(FILTER(Draft!$B$2:$B1000, Draft!$A$2:$A1000=D$1), ROW(C8)), """")"),"") | E12: =IFERROR(__xludf.DUMMYFUNCTION("IFERROR(INDEX(FILTER(Draft!$B$2:$B1000, Draft!$A$2:$A1000=E$1), ROW(D8)), """")"),"") | F12: =IFERROR(__xludf.DUMMYFUNCTION("IFERROR(INDEX(FILTER(Draft!$B$2:$B1000, Draft!$A$2:$A1000=F$1), ROW(E8)), """")"),"") | G12: =IFERROR(__xludf.DUMMYFUNCTION("IFERROR(INDEX(FILTER(Draft!$B$2:$B1000, Draft!$A$2:$A1000=G$1), ROW(F8)), """")"),"") | H12: =IFERROR(__xludf.DUMMYFUNCTION("IFERROR(INDEX(FILTER(Draft!$B$2:$B1000, Draft!$A$2:$A1000=H$1), ROW(G8)), """")"),"") | I12: =IFERROR(__xludf.DUMMYFUNCTION("IFERROR(INDEX(FILTER(Draft!$B$2:$B1000, Draft!$A$2:$A1000=I$1), ROW(H8)), """")"),"") | J12: =IFERROR(__xludf.DUMMYFUNCTION("IFERROR(INDEX(FILTER(Draft!$B$2:$B1000, Draft!$A$2:$A1000=J$1), ROW(I8)), """")"),"Bhayshul Tuten") | K12: =IFERROR(__xludf.DUMMYFUNCTION("IFERROR(INDEX(FILTER(Draft!$B$2:$B1000, Draft!$A$2:$A1000=K$1), ROW(J8)), """")"),"")
A13: 12 | B13: =IFERROR(__xludf.DUMMYFUNCTION("IFERROR(INDEX(FILTER(Draft!$B$2:$B1000, Draft!$A$2:$A1000=B$1), ROW(A9)), """")"),"") | C13: =IFERROR(__xludf.DUMMYFUNCTION("IFERROR(INDEX(FILTER(Draft!$B$2:$B1000, Draft!$A$2:$A1000=C$1), ROW(B9)), """")"),"") | D13: =IFERROR(__xludf.DUMMYFUNCTION("IFERROR(INDEX(FILTER(Draft!$B$2:$B1000, Draft!$A$2:$A1000=D$1), ROW(C9)), """")"),"") | E13: =IFERROR(__xludf.DUMMYFUNCTION("IFERROR(INDEX(FILTER(Draft!$B$2:$B1000, Draft!$A$2:$A1000=E$1), ROW(D9)), """")"),"") | F13: =IFERROR(__xludf.DUMMYFUNCTION("IFERROR(INDEX(FILTER(Draft!$B$2:$B1000, Draft!$A$2:$A1000=F$1), ROW(E9)), """")"),"") | G13: =IFERROR(__xludf.DUMMYFUNCTION("IFERROR(INDEX(FILTER(Draft!$B$2:$B1000, Draft!$A$2:$A1000=G$1), ROW(F9)), """")"),"") | H13: =IFERROR(__xludf.DUMMYFUNCTION("IFERROR(INDEX(FILTER(Draft!$B$2:$B1000, Draft!$A$2:$A1000=H$1), ROW(G9)), """")"),"") | I13: =IFERROR(__xludf.DUMMYFUNCTION("IFERROR(INDEX(FILTER(Draft!$B$2:$B1000, Draft!$A$2:$A1000=I$1), ROW(H9)), """")"),"") | J13: =IFERROR(__xludf.DUMMYFUNCTION("IFERROR(INDEX(FILTER(Draft!$B$2:$B1000, Draft!$A$2:$A1000=J$1), ROW(I9)), """")"),"Kyle Monangai") | K13: =IFERROR(__xludf.DUMMYFUNCTION("IFERROR(INDEX(FILTER(Draft!$B$2:$B1000, Draft!$A$2:$A1000=K$1), ROW(J9)), """")"),"")

Sheet Picks
A1: TouchDownSyndrome75 | B1: MonsieurExcuses | C1: peterbar | D1: iackkkk | E1: ThomasMonette | F1: PhilB10 | G1: jflafond | H1: JeromeJ | I1: parleurmouille | J1: Fred
A2: 2026 2nd Rd (jflafond) | B2: 2026 1st Rd (PhilB10) | C2: 2026 1st Rd (iackkkk) | D2: 2026 2nd Rd (parleurmouille) | E2: 2026 1st Rd | F2: 2026 3rd Rd (TouchDownSyndrome75) | G2: 2026 3rd Rd (parleurmouille) | H2: 2026 6th Rd | I2: 2026 1st Rd (MonsieurExcuses) | J2: 2026 1st Rd (jflafond)
A3: 2026 2nd Rd (ThomasMonette) | B3: 2026 2nd Rd (iackkkk) | C3: 2026 2nd Rd | D3: 2026 3rd Rd (MonsieurExcuses) | E3: 2026 3rd Rd | F3: 2026 3rd Rd (jflafond) | G3: 2026 3rd Rd (JeromeJ) | H3: 2026 7th Rd | I3: 2026 1st Rd (JeromeJ) | J3: 2026 1st Rd (TouchDownSyndrome75)
A4: 2026 2nd Rd | B4: 2026 3rd Rd (peterbar) | C4: 2026 2nd Rd (MonsieurExcuses) | D4: 2026 5th Rd (parleurmouille) | E4: 2026 5th Rd (TouchDownSyndrome75) | F4: 2026 4th Rd | G4: 2026 4th Rd (JeromeJ) | H4: 2026 8th Rd | I4: 2026 1st Rd (peterbar) | J4: 2026 1st Rd
A5: 2026 2nd Rd (PhilB10) | B5: 2026 3rd Rd (iackkkk) | C5: 2026 4th Rd | D5: 2026 5th Rd (FredCourville) | E5: 2026 6th Rd | F5: 2026 5th Rd | G5: 2026 4th Rd | H5: 2026 9th Rd | I5: 2026 1st Rd | J5: 2026 2nd Rd (JeromeJ)
A6: 2026 3rd Rd (PhilB10) | B6: 2026 4th Rd | C6: 2026 5th Rd | D6: 2026 5th Rd | E6: 2026 7th Rd | F6: 2026 6th Rd | G6: 2026 5th Rd (ThomasMonette) | H6: 2026 11th Rd | I6: 2026 3rd Rd (FredCourville) | J6: 2026 2nd Rd
A7: 2026 4th Rd (ThomasMonette) | B7: 2026 5th Rd | C7: 2026 6th Rd | D7: 2026 6th Rd | E7: 2026 8th Rd | F7: 2026 7th Rd | G7: 2026 6th Rd | H7: 2026 12th Rd | I7: 2026 4th Rd (TouchDownSyndrome75) | J7: 2026 5th Rd (JeromeJ)
A8: 2026 4th Rd (iackkkk) | B8: 2026 6th Rd (parleurmouille) | C8: 2026 7th Rd | D8: 2026 8th Rd | E8: 2026 9th Rd | F8: 2026 8th Rd | G8: 2026 7th Rd | H8: 2026 13th Rd | I8: 2026 4th Rd (FredCourville) | J8: 2026 6th Rd
A9: 2026 6th Rd | B9: 2026 6th Rd | C9: 2026 8th Rd | D9: 2026 9th Rd (parleurmouille) | E9: 2026 10th Rd (JeromeJ) | F9: 2026 9th Rd | G9: 2026 8th Rd | H9: 2026 14th Rd | I9: 2026 4th Rd | J9: 2026 7th Rd
A10: 2026 7th Rd | B10: 2026 7th Rd (iackkkk) | C10: 2026 9th Rd | D10: 2026 9th Rd | E10: 2026 10th Rd | F10: 2026 10th Rd | G10: 2026 9th Rd | H10: 2026 15th Rd | I10: 2026 5th Rd (jflafond) | J10: 2026 8th Rd (parleurmouille)
A11: 2026 8th Rd | B11: 2026 7th Rd | C11: 2026 10th Rd | D11: 2026 10th Rd | E11: 2026 11th Rd (parleurmouille) | F11: 2026 11th Rd | G11: 2026 10th Rd | I11: 2026 7th Rd | J11: 2026 8th Rd
A12: 2026 9th Rd | B12: 2026 8th Rd | C12: 2026 11th Rd | D12: 2026 11th Rd | E12: 2026 11th Rd | F12: 2026 11th Rd (TouchDownSyndrome75) | G12: 2026 11th Rd | I12: 2026 10th Rd | J12: 2026 9th Rd
A13: 2026 10th Rd | B13: 2026 9th Rd | C13: 2026 12th Rd | D13: 2026 12th Rd | E13: 2026 12th Rd (TouchDownSyndrome75) | F13: 2026 12th Rd | G13: 2026 12th Rd | I13: 2026 12th Rd | J13: 2026 10th Rd
B14: 2026 10th Rd | C14: 2026 13th Rd | D14: 2026 13th Rd | E14: 2026 12th Rd | F14: 2026 13th Rd | G14: 2026 13th Rd | I14: 2026 13th Rd | J14: 2026 11th Rd
B15: 2026 11th Rd | C15: 2026 14th Rd | D15: 2026 14th Rd | E15: 2026 13th Rd | F15: 2026 13th Rd (TouchDownSyndrome75) | G15: 2026 14th Rd | I15: 2026 14th Rd | J15: 2026 12th Rd
B16: 2026 12th Rd | C16: 2026 15th Rd | D16: 2026 15th Rd | E16: 2026 14th Rd | F16: 2026 14th Rd | G16: 2026 15th Rd | I16: 2026 15th Rd | J16: 2026 13th Rd
B17: 2026 13th Rd | E17: 2026 15th Rd | F17: 2026 14th Rd (TouchDownSyndrome75) | J17: 2026 14th Rd
B18: 2026 14th Rd | F18: 2026 15th Rd | J18: 2026 15th Rd
B19: 2026 15th Rd | F19: 2026 15th Rd (TouchDownSyndrome75)

Sheet Fantasypro
A1: RK | B1: TIERS | C1: PLAYER NAME | D1: TEAM | E1: POS | F1: BEST | G1: WORST | H1: AVG. | I1: STD.DEV | J1: ECR VS. ADP | K1: POS
A2: 1 | B2: 1 | C2: Bijan Robinson | D2: ATL | E2: RB1 | F2: 1 | G2: 5 | H2: 1.3 | I2: 1 | J2: - | K2: =LEFT(E2,2)
A3: 2 | B3: 1 | C3: Puka Nacua | D3: LAR | E3: WR1 | F3: 2 | G3: 4 | H3: 2.2 | I3: 0.5 | J3: - | K3: =LEFT(E3,2)
A4: 3 | B4: 1 | C4: Jahmyr Gibbs | D4: DET | E4: RB2 | F4: 1 | G4: 5 | H4: 3.2 | I4: 1 | J4: - | K4: =LEFT(E4,2)
A5: 4 | B5: 2 | C5: Ja'Marr Chase | D5: CIN | E5: WR2 | F5: 4 | G5: 6 | H5: 4.6 | I5: 0.9 | J5: - | K5: =LEFT(E5,2)
A6: 5 | B6: 2 | C6: Jaxon Smith-Njigba | D6: SEA | E6: WR3 | F6: 4 | G6: 6 | H6: 5.3 | I6: 1 | J6: - | K6: =LEFT(E6,2)
A7: 6 | B7: 2 | C7: Jonathan Taylor | D7: IND | E7: RB3 | F7: 3 | G7: 8 | H7: 5.8 | I7: 1.9 | J7: - | K7: =LEFT(E7,2)
A8: 7 | B8: 2 | C8: CeeDee Lamb | D8: DAL | E8: WR4 | F8: 7 | G8: 14 | H8: 8.1 | I8: 1.8 | J8: - | K8: =LEFT(E8,2)
A9: 8 | B9: 2 | C9: Amon-Ra St. Brown | D9: DET | E9: WR5 | F9: 7 | G9: 9 | H9: 8.4 | I9: 0.9 | J9: - | K9: =LEFT(E9,2)
A10: 9 | B10: 2 | C10: Christian McCaffrey | D10: SF | E10: RB4 | F10: 5 | G10: 15 | H10: 9.3 | I10: 2.7 | J10: - | K10: =LEFT(E10,2)
A11: 10 | B11: 3 | C11: James Cook III | D11: BUF | E11: RB5 | F11: 3 | G11: 15 | H11: 10.8 | I11: 3.3 | J11: - | K11: =LEFT(E11,2)
A12: 11 | B12: 3 | C12: Malik Nabers | D12: NYG | E12: WR6 | F12: 10 | G12: 19 | H12: 12.1 | I12: 2.7 | J12: - | K12: =LEFT(E12,2)
A13: 12 | B13: 3 | C13: Justin Jefferson | D13: MIN | E13: WR7 | F13: 10 | G13: 21 | H13: 13.3 | I13: 4.1 | J13: - | K13: =LEFT(E13,2)
... A91: 90 | B91: 8 | C91: Brock Purdy | D91: SF | E91: QB12 | F91: 73 | G91: 103 | H91: 90.7 | I91: 10.2 | J91: - | K91: =LEFT(E91,2)
B92: 8 | K92: =LEFT(E92,2)
A93: 91 | B93: 8 | C93: Patrick Mahomes II | D93: KC | E93: QB13 | F93: 73 | G93: 104 | H93: 92.1 | I93: 11.3 | J93: - | K93: =LEFT(E93,2)
A94: 92 | B94: 8 | C94: Chuba Hubbard | D94: CAR | E94: RB34 | F94: 66 | G94: 117 | H94: 92.3 | I94: 15.1 | J94: - | K94: =LEFT(E94,2)
A95: 93 | B95: 8 | C95: Michael Wilson | D95: ARI | E95: WR38 | F95: 74 | G95: 120 | H95: 92.8 | I95: 13.1 | J95: - | K95: =LEFT(E95,2)
A96: 94 | B96: 8 | C96: Jordan Addison | D96: MIN | E96: WR39 | F96: 81 | G96: 116 | H96: 94.1 | I96: 8.7 | J96: - | K96: =LEFT(E96,2)
A97: 95 | B97: 9 | C97: Zach Charbonnet | D97: SEA | E97: RB35 | F97: 60 | G97: 163 | H97: 95.2 | I97: 20.9 | J97: - | K97: =LEFT(E97,2)
A98: 96 | B98: 9 | C98: Chris Godwin Jr. | D98: TB | E98: WR40 | F98: 80 | G98: 115 | H98: 96.8 | I98: 10.6 | J98: - | K98: =LEFT(E98,2)
A99: 97 | B99: 9 | C99: J.K. Dobbins | D99: DEN | E99: RB36 | F99: 64 | G99: 140 | H99: 101 | I99: 22.4 | J99: - | K99: =LEFT(E99,2)
A100: 98 | B100: 9 | C100: Dalton Kincaid | D100: BUF | E100: TE9 | F100: 94 | G100: 130 | H100: 101 | I100: 12.9 | J100: - | K100: =LEFT(E100,2)
A101: 99 | B101: 9 | C101: Jacory Croskey-Merritt | D101: WAS | E101: RB37 | F101: 87 | G101: 121 | H101: 104 | I101: 10.3 | J101: - | K101: =LEFT(E101,2)
A102: 100 | B102: 9 | C102: Bo Nix | D102: DEN | E102: QB14 | F102: 97 | G102: 112 | H102: 104 | I102: 4.3 | J102: - | K102: =LEFT(E102,2)
A103: 101 | B103: 9 | C103: Matthew Stafford | D103: LAR | E103: QB15 | F103: 90 | G103: 118 | H103: 104 | I103: 5.6 | J103: - | K103: =LEFT(E103,2)
A104: 102 | B104: 9 | C104: Ricky Pearsall | D104: SF | E104: WR41 | F104: 91 | G104: 122 | H104: 104 | I104: 7.9 | J104: - | K104: =LEFT(E104,2)
... A352: 350 | B352: 15 | C352: Antonio Williams | D352: FA | E352: WR122 | F352: 194 | G352: 268 | H352: 231 | I352: 37 | J352: - | K352: =LEFT(E352,2)
A353: 351 | B353: 15 | C353: Chicago Bears | D353: CHI | E353: DST22 | F353: 185 | G353: 278 | H353: 232 | I353: 46.5 | J353: -
A354: 352 | B354: 15 | C354: Jawhar Jordan | D354: HOU | E354: RB106 | F354: 315 | G354: 328 | H354: 321 | I354: 5.5 | J354: -
A355: 353 | B355: 15 | C355: Darnell Washington | D355: PIT | E355: TE44 | F355: 262 | G355: 341 | H355: 306 | I355: 35.6 | J355: -
A356: 354 | B356: 15 | C356: Dameon Pierce | D356: PHI | E356: RB107 | F356: 306 | G356: 381 | H356: 323 | I356: 28.9 | J356: -
A357: 355 | B357: 15 | C357: Raheim Sanders | D357: CLE | E357: RB108 | F357: 312 | G357: 363 | H357: 325 | I357: 19.4 | J357: -
A358: 356 | B358: 15 | C358: Terrell Jennings | D358: NE | E358: RB109 | F358: 308 | G358: 383 | H358: 326 | I358: 28.7 | J358: -
A359: 357 | B359: 15 | C359: Antonio Gibson | D359: FA | E359: RB110 | F359: 309 | G359: 387 | H359: 328 | I359: 29.9 | J359: -
A360: 358 | B360: 15 | C360: Justin Fields | D360: KC | E360: QB41 | F360: 307 | G360: 355 | H360: 328 | I360: 16.2 | J360: -
A361: 359 | B361: 15 | C361: Tutu Atwell | D361: MIA | E361: WR123 | F361: 203 | G361: 375 | H361: 295 | I361: 70.7 | J361: -
A362: 360 | B362: 15 | C362: Miami Dolphins | D362: MIA | E362: DST23 | F362: 319 | G362: 355 | H362: 329 | I362: 13.7 | J362: -
A363: 361 | B363: 15 | C363: Tyler Higbee | D363: LAR | E363: TE45 | F363: 258 | G363: 359 | H363: 318 | I363: 40.4 | J363: -
A364: 362 | B364: 16 | C364: Michael Mayer | D364: LV | E364: TE46 | F364: 275 | G364: 377 | H364: 325 | I364: 36.1 | J364: -
... A383: 381 | B383: 16 | C383: Justin Joly | D383: FA | E383: TE56 | F383: 371 | G383: 376 | H383: 374 | I383: 2.5 | J383: -

Sheet Keeper
A1: Iack | B1: De'Von Achane
A2: Iack | B2: Ashton Jeanty
A3: Iack | B3: Amon-Ra St. Brown
A4: Web | B4: Omarion Hampton
A5: Web | B5: Bijan Robinson
A6: Web | B6: Nico Collins
A7: Kev | B7: Jahmyr Gibbs
A8: Kev | B8: Rashee Rice
A9: Kev | B9: George Pickens
A10: JF | B10: Saquon Barkley
A11: JF | B11: Jaxon Smith-Njigba
A12: JF | B12: James Cook III
... A30: Jerome | B30: Josh Allen

Sheet Draft
A1: Draft Picks | B1: Joueurs
A2: Web | B2: =IFERROR(__xludf.DUMMYFUNCTION("FILTER('ALL PPR Drafts'!D2:D1000, ('ALL PPR Drafts'!C2:C1000<>""x"")*('ALL PPR Drafts'!D2:D1000<>""""))"),"Jeremiyah Love")
A3: Hugo | B3: =IFERROR(__xludf.DUMMYFUNCTION("""COMPUTED_VALUE"""),"Derrick Henry")
A4: Kev | B4: =IFERROR(__xludf.DUMMYFUNCTION("""COMPUTED_VALUE"""),"Lamar Jackson")
A5: Fred | B5: =IFERROR(__xludf.DUMMYFUNCTION("""COMPUTED_VALUE"""),"Tee Higgins")
A6: Web | B6: =IFERROR(__xludf.DUMMYFUNCTION("""COMPUTED_VALUE"""),"Kenneth Walker III")
A7: Fred | B7: =IFERROR(__xludf.DUMMYFUNCTION("""COMPUTED_VALUE"""),"A.J. Brown")
A8: Web | B8: =IFERROR(__xludf.DUMMYFUNCTION("""COMPUTED_VALUE"""),"Josh Jacobs")
A9: Web | B9: =IFERROR(__xludf.DUMMYFUNCTION("""COMPUTED_VALUE"""),"Davante Adams")
A10: Fred | B10: =IFERROR(__xludf.DUMMYFUNCTION("""COMPUTED_VALUE"""),"Breece Hall")
A11: Thomas | B11: =IFERROR(__xludf.DUMMYFUNCTION("""COMPUTED_VALUE"""),"Tucker Kraft")
A12: Iack | B12: =IFERROR(__xludf.DUMMYFUNCTION("""COMPUTED_VALUE"""),"Zay Flowers")
A13: Kev | B13: =IFERROR(__xludf.DUMMYFUNCTION("""COMPUTED_VALUE"""),"Joe Burrow")
A14: Phil | B14: =IFERROR(__xludf.DUMMYFUNCTION("""COMPUTED_VALUE"""),"Javonte Williams")
A15: Ben | B15: =IFERROR(__xludf.DUMMYFUNCTION("""COMPUTED_VALUE"""),"Travis Etienne Jr.")
A16: Hugo | B16: =IFERROR(__xludf.DUMMYFUNCTION("""COMPUTED_VALUE"""),"Jameson Williams")
A17: Fred | B17: =IFERROR(__xludf.DUMMYFUNCTION("""COMPUTED_VALUE"""),"Jayden Daniels")
A18: Fred | B18: =IFERROR(__xludf.DUMMYFUNCTION("""COMPUTED_VALUE"""),"Carnell Tate")
A19: Kev | B19: =IFERROR(__xludf.DUMMYFUNCTION("""COMPUTED_VALUE"""),"Bucky Irving")
A20: Ben | B20: =IFERROR(__xludf.DUMMYFUNCTION("""COMPUTED_VALUE"""),"Ladd McConkey")
A21: Ben | B21: =IFERROR(__xludf.DUMMYFUNCTION("""COMPUTED_VALUE"""),"Terry McLaurin")
A22: JF | B22: =IFERROR(__xludf.DUMMYFUNCTION("""COMPUTED_VALUE"""),"Colston Loveland")
A23: Kev | B23: =IFERROR(__xludf.DUMMYFUNCTION("""COMPUTED_VALUE"""),"Jaylen Waddle")
A24: Ben | B24: =IFERROR(__xludf.DUMMYFUNCTION("""COMPUTED_VALUE"""),"Christian Watson")
A25: Ben | B25: =IFERROR(__xludf.DUMMYFUNCTION("""COMPUTED_VALUE"""),"TreVeyon Henderson")
A26: Hugo | B26: =IFERROR(__xludf.DUMMYFUNCTION("""COMPUTED_VALUE"""),"Jalen Hurts")
A27: Web | B27: =IFERROR(__xludf.DUMMYFUNCTION("""COMPUTED_VALUE"""),"Luther Burden III")
A28: JF | B28: =IFERROR(__xludf.DUMMYFUNCTION("""COMPUTED_VALUE"""),"Emeka Egbuka")
A29: Iack | B29: =IFERROR(__xludf.DUMMYFUNCTION("""COMPUTED_VALUE"""),"Mike Evans")
A30: JF | B30: =IFERROR(__xludf.DUMMYFUNCTION("""COMPUTED_VALUE"""),"DeVonta Smith")
A31: Thomas | B31: =IFERROR(__xludf.DUMMYFUNCTION("""COMPUTED_VALUE"""),"D'Andre Swift")
A32: Web | B32: =IFERROR(__xludf.DUMMYFUNCTION("""COMPUTED_VALUE"""),"Cam Skattebo")
A33: Ben | B33: =IFERROR(__xludf.DUMMYFUNCTION("""COMPUTED_VALUE"""),"Quinshon Judkins")
A34: Phil | B34: =IFERROR(__xludf.DUMMYFUNCTION("""COMPUTED_VALUE"""),"Makai Lemon")
A35: Web | B35: =IFERROR(__xludf.DUMMYFUNCTION("""COMPUTED_VALUE"""),"David Montgomery")
A36: Hugo | B36: =IFERROR(__xludf.DUMMYFUNCTION("""COMPUTED_VALUE"""),"DJ Moore")
A37: Web | B37: =IFERROR(__xludf.DUMMYFUNCTION("""COMPUTED_VALUE"""),"Bhayshul Tuten")
A38: JF | B38: =IFERROR(__xludf.DUMMYFUNCTION("""COMPUTED_VALUE"""),"Jordyn Tyson")
A39: Kev | B39: =IFERROR(__xludf.DUMMYFUNCTION("""COMPUTED_VALUE"""),"Rome Odunze")
A40: JF | B40: =IFERROR(__xludf.DUMMYFUNCTION("""COMPUTED_VALUE"""),"RJ Harvey")
A41: Ben | B41: =IFERROR(__xludf.DUMMYFUNCTION("""COMPUTED_VALUE"""),"Tyler Warren")
A42: Iack | B42: =IFERROR(__xludf.DUMMYFUNCTION("""COMPUTED_VALUE"""),"Alec Pierce")
A43: Iack | B43: =IFERROR(__xludf.DUMMYFUNCTION("""COMPUTED_VALUE"""),"Jaxson Dart")
A44: Phil | B44: =IFERROR(__xludf.DUMMYFUNCTION("""COMPUTED_VALUE"""),"Caleb Williams")
A45: Thomas | B45: =IFERROR(__xludf.DUMMYFUNCTION("""COMPUTED_VALUE"""),"Jaylen Warren")
A46: Hugo | B46: =IFERROR(__xludf.DUMMYFUNCTION("""COMPUTED_VALUE"""),"Courtland Sutton")
A47: Iack | B47: =IFERROR(__xludf.DUMMYFUNCTION("""COMPUTED_VALUE"""),"Harold Fannin Jr.")
A48: Fred | B48: =IFERROR(__xludf.DUMMYFUNCTION("""COMPUTED_VALUE"""),"DK Metcalf")
A49: Kev | B49: =IFERROR(__xludf.DUMMYFUNCTION("""COMPUTED_VALUE"""),"Justin Herbert")
A50: Web | B50: =IFERROR(__xludf.DUMMYFUNCTION("""COMPUTED_VALUE"""),"Kyle Monangai")
A51: JF | B51: =IFERROR(__xludf.DUMMYFUNCTION("""COMPUTED_VALUE"""),"Blake Corum")
B52: =IFERROR(__xludf.DUMMYFUNCTION("""COMPUTED_VALUE"""),"Rico Dowdle")
B53: =IFERROR(__xludf.DUMMYFUNCTION("""COMPUTED_VALUE"""),"Marvin Harrison Jr.")
B54: =IFERROR(__xludf.DUMMYFUNCTION("""COMPUTED_VALUE"""),"Rhamondre Stevenson")
B55: =IFERROR(__xludf.DUMMYFUNCTION("""COMPUTED_VALUE"""),"Sam LaPorta")
B56: =IFERROR(__xludf.DUMMYFUNCTION("""COMPUTED_VALUE"""),"Trevor Lawrence")
B57: =IFERROR(__xludf.DUMMYFUNCTION("""COMPUTED_VALUE"""),"Kyle Pitts Sr.")
B58: =IFERROR(__xludf.DUMMYFUNCTION("""COMPUTED_VALUE"""),"Dak Prescott")
B59: =IFERROR(__xludf.DUMMYFUNCTION("""COMPUTED_VALUE"""),"Tyler Allgeier")
B60: =IFERROR(__xludf.DUMMYFUNCTION("""COMPUTED_VALUE"""),"Tony Pollard")
B61: =IFERROR(__xludf.DUMMYFUNCTION("""COMPUTED_VALUE"""),"Brock Purdy")
B62: =IFERROR(__xludf.DUMMYFUNCTION("""COMPUTED_VALUE"""),"Patrick Mahomes II")
B63: =IFERROR(__xludf.DUMMYFUNCTION("""COMPUTED_VALUE"""),"Chuba Hubbard")
B64: =IFERROR(__xludf.DUMMYFUNCTION("""COMPUTED_VALUE"""),"Michael Wilson")
B65: =IFERROR(__xludf.DUMMYFUNCTION("""COMPUTED_VALUE"""),"Jordan Addison")
B66: =IFERROR(__xludf.DUMMYFUNCTION("""COMPUTED_VALUE"""),"Zach Charbonnet")
B67: =IFERROR(__xludf.DUMMYFUNCTION("""COMPUTED_VALUE"""),"Chris Godwin Jr.")
B68: =IFERROR(__xludf.DUMMYFUNCTION("""COMPUTED_VALUE"""),"J.K. Dobbins")
B69: =IFERROR(__xludf.DUMMYFUNCTION("""COMPUTED_VALUE"""),"Dalton Kincaid")
B70: =IFERROR(__xludf.DUMMYFUNCTION("""COMPUTED_VALUE"""),"Jacory Croskey-Merritt")
B71: =IFERROR(__xludf.DUMMYFUNCTION("""COMPUTED_VALUE"""),"Bo Nix")
B72: =IFERROR(__xludf.DUMMYFUNCTION("""COMPUTED_VALUE"""),"Matthew Stafford")
B73: =IFERROR(__xludf.DUMMYFUNCTION("""COMPUTED_VALUE"""),"Ricky Pearsall")
B74: =IFERROR(__xludf.DUMMYFUNCTION("""COMPUTED_VALUE"""),"Parker Washington")
B75: =IFERROR(__xludf.DUMMYFUNCTION("""COMPUTED_VALUE"""),"Quentin Johnston")
B76: =IFERROR(__xludf.DUMMYFUNCTION("""COMPUTED_VALUE"""),"Oronde Gadsden II")
B77: =IFERROR(__xludf.DUMMYFUNCTION("""COMPUTED_VALUE"""),"Michael Pittman Jr.")
B78: =IFERROR(__xludf.DUMMYFUNCTION("""COMPUTED_VALUE"""),"Woody Marks")
B79: =IFERROR(__xludf.DUMMYFUNCTION("""COMPUTED_VALUE"""),"Jordan Love")
B80: =IFERROR(__xludf.DUMMYFUNCTION("""COMPUTED_VALUE"""),"Brandon Aiyuk")
B81: =IFERROR(__xludf.DUMMYFUNCTION("""COMPUTED_VALUE"""),"Jakobi Meyers")
B82: =IFERROR(__xludf.DUMMYFUNCTION("""COMPUTED_VALUE"""),"Jared Goff")
B83: =IFERROR(__xludf.DUMMYFUNCTION("""COMPUTED_VALUE"""),"Aaron Jones Sr.")
B84: =IFERROR(__xludf.DUMMYFUNCTION("""COMPUTED_VALUE"""),"Jake Ferguson")
B85: =IFERROR(__xludf.DUMMYFUNCTION("""COMPUTED_VALUE"""),"Wan'Dale Robinson")
B86: =IFERROR(__xludf.DUMMYFUNCTION("""COMPUTED_VALUE"""),"Denzel Boston")
B87: =IFERROR(__xludf.DUMMYFUNCTION("""COMPUTED_VALUE"""),"Jordan Mason")
B88: =IFERROR(__xludf.DUMMYFUNCTION("""COMPUTED_VALUE"""),"Juwan Johnson")
B89: =IFERROR(__xludf.DUMMYFUNCTION("""COMPUTED_VALUE"""),"James Conner")
B90: =IFERROR(__xludf.DUMMYFUNCTION("""COMPUTED_VALUE"""),"Jayden Higgins")
B91: =IFERROR(__xludf.DUMMYFUNCTION("""COMPUTED_VALUE"""),"Jauan Jennings")
B92: =IFERROR(__xludf.DUMMYFUNCTION("""COMPUTED_VALUE"""),"Malik Willis")
B93: =IFERROR(__xludf.DUMMYFUNCTION("""COMPUTED_VALUE"""),"Brenton Strange")
B94: =IFERROR(__xludf.DUMMYFUNCTION("""COMPUTED_VALUE"""),"Tyler Shough")
B95: =IFERROR(__xludf.DUMMYFUNCTION("""COMPUTED_VALUE"""),"Kyler Murray")
B96: =IFERROR(__xludf.DUMMYFUNCTION("""COMPUTED_VALUE"""),"Baker Mayfield")
B97: =IFERROR(__xludf.DUMMYFUNCTION("""COMPUTED_VALUE"""),"Travis Kelce")
B98: =IFERROR(__xludf.DUMMYFUNCTION("""COMPUTED_VALUE"""),"Dallas Goedert")
B99: =IFERROR(__xludf.DUMMYFUNCTION("""COMPUTED_VALUE"""),"Jadarian Price")
B100: =IFERROR(__xludf.DUMMYFUNCTION("""COMPUTED_VALUE"""),"Braelon Allen")
...

Sheet Tiers_Risk
B1: Rank
A2: Average
A3: 1-10 | B3: =IFERROR(__xludf.DUMMYFUNCTION("TRANSPOSE( FILTER( IF( 'ALL PPR Drafts'!C$2:C1000 = """", 'ALL PPR Drafts'!D$2:D1000 & "" ("" & 'ALL PPR Drafts'!F$2:F1000 & "", "" & 'ALL PPR Drafts'!H$2:H1000 & "", "" & 'ALL PPR Drafts'!I$2:I1000 & "")"", """" ), VALUE("&"'ALL PPR Drafts'!G$2:G1000) >= 1, VALUE('ALL PPR Drafts'!G$2:G1000) <= 10.99 ) ) "),"") | C3: =IFERROR(__xludf.DUMMYFUNCTION("""COMPUTED_VALUE"""),"") | D3: =IFERROR(__xludf.DUMMYFUNCTION("""COMPUTED_VALUE"""),"") | E3: =IFERROR(__xludf.DUMMYFUNCTION("""COMPUTED_VALUE"""),"") | F3: =IFERROR(__xludf.DUMMYFUNCTION("""COMPUTED_VALUE"""),"") | G3: =IFERROR(__xludf.DUMMYFUNCTION("""COMPUTED_VALUE"""),"") | H3: =IFERROR(__xludf.DUMMYFUNCTION("""COMPUTED_VALUE"""),"") | I3: =IFERROR(__xludf.DUMMYFUNCTION("""COMPUTED_VALUE"""),"") | J3: =IFERROR(__xludf.DUMMYFUNCTION("""COMPUTED_VALUE"""),"") | K3: =IFERROR(__xludf.DUMMYFUNCTION("""COMPUTED_VALUE"""),"")
A4: 11-20 | B4: =IFERROR(__xludf.DUMMYFUNCTION("TRANSPOSE( FILTER( IF( 'ALL PPR Drafts'!C$2:C1000 = """", 'ALL PPR Drafts'!D$2:D1000 & "" ("" & 'ALL PPR Drafts'!F$2:F1000 & "", "" & 'ALL PPR Drafts'!H$2:H1000 & "", "" & 'ALL PPR Drafts'!I$2:I1000 & "")"", """" ), VALUE('"&"ALL PPR Drafts'!G$2:G1000) >= 11, VALUE('ALL PPR Drafts'!G$2:G1000) <= 20.99 ) ) "),"") | C4: =IFERROR(__xludf.DUMMYFUNCTION("""COMPUTED_VALUE"""),"") | D4: =IFERROR(__xludf.DUMMYFUNCTION("""COMPUTED_VALUE"""),"") | E4: =IFERROR(__xludf.DUMMYFUNCTION("""COMPUTED_VALUE"""),"") | F4: =IFERROR(__xludf.DUMMYFUNCTION("""COMPUTED_VALUE"""),"") | G4: =IFERROR(__xludf.DUMMYFUNCTION("""COMPUTED_VALUE"""),"") | H4: =IFERROR(__xludf.DUMMYFUNCTION("""COMPUTED_VALUE"""),"") | I4: =IFERROR(__xludf.DUMMYFUNCTION("""COMPUTED_VALUE"""),"Jeremiyah Love (RB, 4.2, 3)") | J4: =IFERROR(__xludf.DUMMYFUNCTION("""COMPUTED_VALUE"""),"") | K4: =IFERROR(__xludf.DUMMYFUNCTION("""COMPUTED_VALUE"""),"")
A5: 21-30 | B5: =IFERROR(__xludf.DUMMYFUNCTION("TRANSPOSE( FILTER( IF( 'ALL PPR Drafts'!C$2:C1000 = """", 'ALL PPR Drafts'!D$2:D1000 & "" ("" & 'ALL PPR Drafts'!F$2:F1000 & "", "" & 'ALL PPR Drafts'!H$2:H1000 & "", "" & 'ALL PPR Drafts'!I$2:I1000 & "")"", """" ), VALUE('"&"ALL PPR Drafts'!G$2:G1000) >= 21, VALUE('ALL PPR Drafts'!G$2:G1000) <= 30.99 ) ) "),"") | C5: =IFERROR(__xludf.DUMMYFUNCTION("""COMPUTED_VALUE"""),"") | D5: =IFERROR(__xludf.DUMMYFUNCTION("""COMPUTED_VALUE"""),"") | E5: =IFERROR(__xludf.DUMMYFUNCTION("""COMPUTED_VALUE"""),"Derrick Henry (RB, 4.8, 1)") | F5: =IFERROR(__xludf.DUMMYFUNCTION("""COMPUTED_VALUE"""),"") | G5: =IFERROR(__xludf.DUMMYFUNCTION("""COMPUTED_VALUE"""),"") | H5: =IFERROR(__xludf.DUMMYFUNCTION("""COMPUTED_VALUE"""),"Lamar Jackson (QB, 1.2, 3)") | I5: =IFERROR(__xludf.DUMMYFUNCTION("""COMPUTED_VALUE"""),"Tee Higgins (WR, 5.3, 3)") | J5: =IFERROR(__xludf.DUMMYFUNCTION("""COMPUTED_VALUE"""),"Kenneth Walker III (RB, 8.3, 3)") | K5: =IFERROR(__xludf.DUMMYFUNCTION("""COMPUTED_VALUE"""),"A.J. Brown (WR, 5.3, 3)") | L5: =IFERROR(__xludf.DUMMYFUNCTION("""COMPUTED_VALUE"""),"")
A6: 31-40 | B6: =IFERROR(__xludf.DUMMYFUNCTION("TRANSPOSE( FILTER( IF( 'ALL PPR Drafts'!C$2:C1000 = """", 'ALL PPR Drafts'!D$2:D1000 & "" ("" & 'ALL PPR Drafts'!F$2:F1000 & "", "" & 'ALL PPR Drafts'!H$2:H1000 & "", "" & 'ALL PPR Drafts'!I$2:I1000 & "")"", """" ), VALUE('"&"ALL PPR Drafts'!G$2:G1000) >= 31, VALUE('ALL PPR Drafts'!G$2:G1000) <= 40.99 ) ) "),"Josh Jacobs (RB, 7.7, 4)") | C6: =IFERROR(__xludf.DUMMYFUNCTION("""COMPUTED_VALUE"""),"") | D6: =IFERROR(__xludf.DUMMYFUNCTION("""COMPUTED_VALUE"""),"") | E6: =IFERROR(__xludf.DUMMYFUNCTION("""COMPUTED_VALUE"""),"Davante Adams (WR, 5, 3)") | F6: =IFERROR(__xludf.DUMMYFUNCTION("""COMPUTED_VALUE"""),"")
A7: 41-50 | B7: =IFERROR(__xludf.DUMMYFUNCTION("TRANSPOSE( FILTER( IF( 'ALL PPR Drafts'!C$2:C1000 = """", 'ALL PPR Drafts'!D$2:D1000 & "" ("" & 'ALL PPR Drafts'!F$2:F1000 & "", "" & 'ALL PPR Drafts'!H$2:H1000 & "","" & 'ALL PPR Drafts'!I$2:I1000 & "")"", """" ), VALUE('A"&"LL PPR Drafts'!G$2:G1000) >= 41, VALUE('ALL PPR Drafts'!G$2:G1000) <= 50.99 ) ) "),"Breece Hall (RB, 5.8,4)") | C7: =IFERROR(__xludf.DUMMYFUNCTION("""COMPUTED_VALUE"""),"Tucker Kraft (TE, 20.4,2)") | D7: =IFERROR(__xludf.DUMMYFUNCTION("""COMPUTED_VALUE"""),"") | E7: =IFERROR(__xludf.DUMMYFUNCTION("""COMPUTED_VALUE"""),"Zay Flowers (WR, 8.4,4)") | F7: =IFERROR(__xludf.DUMMYFUNCTION("""COMPUTED_VALUE"""),"Joe Burrow (QB, 10.7,3)") | G7: =IFERROR(__xludf.DUMMYFUNCTION("""COMPUTED_VALUE"""),"Javonte Williams (RB, 7.9,3)") | H7: =IFERROR(__xludf.DUMMYFUNCTION("""COMPUTED_VALUE"""),"Travis Etienne Jr. (RB, 5.7,3)") | I7: =IFERROR(__xludf.DUMMYFUNCTION("""COMPUTED_VALUE"""),"Jameson Williams (WR, 7.7,4)") | J7: =IFERROR(__xludf.DUMMYFUNCTION("""COMPUTED_VALUE"""),"Jayden Daniels (QB, 11.3,4)") | K7: =IFERROR(__xludf.DUMMYFUNCTION("""COMPUTED_VALUE"""),"Carnell Tate (WR, 13.9,3)") | L7: =IFERROR(__xludf.DUMMYFUNCTION("""COMPUTED_VALUE"""),"Bucky Irving (RB, 4.7,3)") | M7: =IFERROR(__xludf.DUMMYFUNCTION("""COMPUTED_VALUE"""),"Ladd McConkey (WR, 6.1,3)") | N7: =IFERROR(__xludf.DUMMYFUNCTION("""COMPUTED_VALUE"""),"Terry McLaurin (WR, 6.9,4)") | O7: =IFERROR(__xludf.DUMMYFUNCTION("""COMPUTED_VALUE"""),"Colston Loveland (TE, 11,4)")
A8: 51-60 | B8: =IFERROR(__xludf.DUMMYFUNCTION("TRANSPOSE( FILTER( IF( 'ALL PPR Drafts'!C$2:C1000 = """", 'ALL PPR Drafts'!D$2:D1000 & "" ("" & 'ALL PPR Drafts'!F$2:F1000 & "","" & 'ALL PPR Drafts'!H$2:H1000 & "", "" & 'ALL PPR Drafts'!I$2:I1000 & "")"", """" ), VALUE('A"&"LL PPR Drafts'!G$2:G1000) >= 51, VALUE('ALL PPR Drafts'!G$2:G1000) <= 60.99 ) ) "),"Jaylen Waddle (WR,10.6, 3)") | C8: =IFERROR(__xludf.DUMMYFUNCTION("""COMPUTED_VALUE"""),"Christian Watson (WR,8.4, 3)") | D8: =IFERROR(__xludf.DUMMYFUNCTION("""COMPUTED_VALUE"""),"TreVeyon Henderson (RB,7.7, 4)") | E8: =IFERROR(__xludf.DUMMYFUNCTION("""COMPUTED_VALUE"""),"Jalen Hurts (QB,10.7, 4)") | F8: =IFERROR(__xludf.DUMMYFUNCTION("""COMPUTED_VALUE"""),"Luther Burden III (WR,9.3, 4)") | G8: =IFERROR(__xludf.DUMMYFUNCTION("""COMPUTED_VALUE"""),"Emeka Egbuka (WR,8.8, 4)") | H8: =IFERROR(__xludf.DUMMYFUNCTION("""COMPUTED_VALUE"""),"Mike Evans (WR,11.9, 4)") | I8: =IFERROR(__xludf.DUMMYFUNCTION("""COMPUTED_VALUE"""),"DeVonta Smith (WR,9.6, 2)") | J8: =IFERROR(__xludf.DUMMYFUNCTION("""COMPUTED_VALUE"""),"D'Andre Swift (RB,4.5, 4)") | K8: =IFERROR(__xludf.DUMMYFUNCTION("""COMPUTED_VALUE"""),"Cam Skattebo (RB,9.7, 2)")
A9: 61-70 | B9: =IFERROR(__xludf.DUMMYFUNCTION("TRANSPOSE( FILTER( IF( 'ALL PPR Drafts'!C$2:C1000 = """", 'ALL PPR Drafts'!D$2:D1000 & "" ("" & 'ALL PPR Drafts'!F$2:F1000 & "","" & 'ALL PPR Drafts'!H$2:H1000 & "", "" & 'ALL PPR Drafts'!I$2:I1000 & "")"", """" ), VALUE('A"&"LL PPR Drafts'!G$2:G1000) >= 61, VALUE('ALL PPR Drafts'!G$2:G1000) <= 70.99 ) ) "),"Quinshon Judkins (RB,3.7, 4)") | C9: =IFERROR(__xludf.DUMMYFUNCTION("""COMPUTED_VALUE"""),"Makai Lemon (WR,19, 4)") | D9: =IFERROR(__xludf.DUMMYFUNCTION("""COMPUTED_VALUE"""),"David Montgomery (RB,12.5, 4)") | E9: =IFERROR(__xludf.DUMMYFUNCTION("""COMPUTED_VALUE"""),"DJ Moore (WR,17.9, 4)") | F9: =IFERROR(__xludf.DUMMYFUNCTION("""COMPUTED_VALUE"""),"Bhayshul Tuten (RB,10.4, 4)") | G9: =IFERROR(__xludf.DUMMYFUNCTION("""COMPUTED_VALUE"""),"Jordyn Tyson (WR,18.8, 4)") | H9: =IFERROR(__xludf.DUMMYFUNCTION("""COMPUTED_VALUE"""),"Rome Odunze (WR,13.2, 4)") | I9: =IFERROR(__xludf.DUMMYFUNCTION("""COMPUTED_VALUE"""),"RJ Harvey (RB,12.1, 3)") | J9: =IFERROR(__xludf.DUMMYFUNCTION("""COMPUTED_VALUE"""),"Tyler Warren (TE,5.3, 4)") | K9: =IFERROR(__xludf.DUMMYFUNCTION("""COMPUTED_VALUE"""),"Alec Pierce (WR,11.6, 4)") | L9: =IFERROR(__xludf.DUMMYFUNCTION("""COMPUTED_VALUE"""),"Jaxson Dart (QB,10.3, 4)")
A10: 71-80 | B10: =IFERROR(__xludf.DUMMYFUNCTION("TRANSPOSE( FILTER( IF( 'ALL PPR Drafts'!C$2:C1000 = """", 'ALL PPR Drafts'!D$2:D1000 & "" ("" & 'ALL PPR Drafts'!F$2:F1000 & "", "" & 'ALL PPR Drafts'!H$2:H1000 & "", "" & 'ALL PPR Drafts'!I$2:I1000 & "")"", """" ), VALUE('"&"ALL PPR Drafts'!G$2:G1000) >= 71, VALUE('ALL PPR Drafts'!G$2:G1000) <= 80.99 ) ) "),"Caleb Williams (QB, 11.3, 3)") | C10: =IFERROR(__xludf.DUMMYFUNCTION("""COMPUTED_VALUE"""),"Jaylen Warren (RB, 7.6, 4)") | D10: =IFERROR(__xludf.DUMMYFUNCTION("""COMPUTED_VALUE"""),"Courtland Sutton (WR, 10.4, 3)") | E10: =IFERROR(__xludf.DUMMYFUNCTION("""COMPUTED_VALUE"""),"Harold Fannin Jr. (TE, 7.3, 4)") | F10: =IFERROR(__xludf.DUMMYFUNCTION("""COMPUTED_VALUE"""),"#N/A") | G10: =IFERROR(__xludf.DUMMYFUNCTION("""COMPUTED_VALUE"""),"Justin Herbert (QB, 13.5, 3)") | H10: =IFERROR(__xludf.DUMMYFUNCTION("""COMPUTED_VALUE"""),"Kyle Monangai (RB, 7.1, 4)") | I10: =IFERROR(__xludf.DUMMYFUNCTION("""COMPUTED_VALUE"""),"Blake Corum (RB, 9.2, 3)")
A11: 81-90 | B11: =IFERROR(__xludf.DUMMYFUNCTION("TRANSPOSE( FILTER( IF( 'ALL PPR Drafts'!C$2:C1000 = """", 'ALL PPR Drafts'!D$2:D1000 & "" ("" & 'ALL PPR Drafts'!F$2:F1000 & "", "" & 'ALL PPR Drafts'!H$2:H1000 & "", "" & 'ALL PPR Drafts'!I$2:I1000 & "")"", """" ), VALUE('"&"ALL PPR Drafts'!G$2:G1000) >= 81, VALUE('ALL PPR Drafts'!G$2:G1000) <= 90.99 ) ) "),"Rico Dowdle (RB, 8, 4)") | C11: =IFERROR(__xludf.DUMMYFUNCTION("""COMPUTED_VALUE"""),"Marvin Harrison Jr. (WR, 9.3, 4)") | D11: =IFERROR(__xludf.DUMMYFUNCTION("""COMPUTED_VALUE"""),"Rhamondre Stevenson (RB, 9.9, 1)") | E11: =IFERROR(__xludf.DUMMYFUNCTION("""COMPUTED_VALUE"""),"Sam LaPorta (TE, 2, 4)") | F11: =IFERROR(__xludf.DUMMYFUNCTION("""COMPUTED_VALUE"""),"Trevor Lawrence (QB, 12.2, 2)") | G11: =IFERROR(__xludf.DUMMYFUNCTION("""COMPUTED_VALUE"""),"Kyle Pitts Sr. (TE, 4.2, 4)") | H11: =IFERROR(__xludf.DUMMYFUNCTION("""COMPUTED_VALUE"""),"Dak Prescott (QB, 11.8, 4)") | I11: =IFERROR(__xludf.DUMMYFUNCTION("""COMPUTED_VALUE"""),"Tyler Allgeier (RB, 13.7, 3)") | J11: =IFERROR(__xludf.DUMMYFUNCTION("""COMPUTED_VALUE"""),"Tony Pollard (RB, 12.9, 4)") | K11: =IFERROR(__xludf.DUMMYFUNCTION("""COMPUTED_VALUE"""),"#N/A")
A12: 91-100 | B12: =IFERROR(__xludf.DUMMYFUNCTION("TRANSPOSE( FILTER( IF( 'ALL PPR Drafts'!C$2:C1000 = """", 'ALL PPR Drafts'!D$2:D1000 & "" ("" & 'ALL PPR Drafts'!F$2:F1000 & "", "" & 'ALL PPR Drafts'!H$2:H1000 & "", "" & 'ALL PPR Drafts'!I$2:I1000 & "")"", """" ), VALUE('"&"ALL PPR Drafts'!G$2:G1000) >= 91, VALUE('ALL PPR Drafts'!G$2:G1000) <= 100.99 ) ) "),"Patrick Mahomes II (QB, 11.3, 4)") | C12: =IFERROR(__xludf.DUMMYFUNCTION("""COMPUTED_VALUE"""),"Chuba Hubbard (RB, 15.1, 4)") | D12: =IFERROR(__xludf.DUMMYFUNCTION("""COMPUTED_VALUE"""),"Michael Wilson (WR, 13.1, 4)") | E12: =IFERROR(__xludf.DUMMYFUNCTION("""COMPUTED_VALUE"""),"Jordan Addison (WR, 8.7, 4)") | F12: =IFERROR(__xludf.DUMMYFUNCTION("""COMPUTED_VALUE"""),"Zach Charbonnet (RB, 20.9, 4)") | G12: =IFERROR(__xludf.DUMMYFUNCTION("""COMPUTED_VALUE"""),"Chris Godwin Jr. (WR, 10.6, 4)")
A13: 101-110 | B13: =IFERROR(__xludf.DUMMYFUNCTION("TRANSPOSE( FILTER( IF( 'ALL PPR Drafts'!C$2:C1000 = """", 'ALL PPR Drafts'!D$2:D1000 & "" ("" & 'ALL PPR Drafts'!F$2:F1000 & "", "" & 'ALL PPR Drafts'!H$2:H1000 & "", "" & 'ALL PPR Drafts'!I$2:I1000 & "")"", """" ), VALUE('"&"ALL PPR Drafts'!G$2:G1000) >= 101, VALUE('ALL PPR Drafts'!G$2:G1000) <= 110.99 ) ) "),"J.K. Dobbins (RB, 22.4, 4)") | C13: =IFERROR(__xludf.DUMMYFUNCTION("""COMPUTED_VALUE"""),"Dalton Kincaid (TE, 12.9, 4)") | D13: =IFERROR(__xludf.DUMMYFUNCTION("""COMPUTED_VALUE"""),"Jacory Croskey-Merritt (RB, 10.3, 2)") | E13: =IFERROR(__xludf.DUMMYFUNCTION("""COMPUTED_VALUE"""),"Bo Nix (QB, 4.3, 3)") | F13: =IFERROR(__xludf.DUMMYFUNCTION("""COMPUTED_VALUE"""),"Matthew Stafford (QB, 5.6, 3)") | G13: =IFERROR(__xludf.DUMMYFUNCTION("""COMPUTED_VALUE"""),"Ricky Pearsall (WR, 7.9, 4)") | H13: =IFERROR(__xludf.DUMMYFUNCTION("""COMPUTED_VALUE"""),"Parker Washington (WR, 16.9, 4)") | I13: =IFERROR(__xludf.DUMMYFUNCTION("""COMPUTED_VALUE"""),"Quentin Johnston (WR, 11.5, 4)") | J13: =IFERROR(__xludf.DUMMYFUNCTION("""COMPUTED_VALUE"""),"Oronde Gadsden II (TE, 12, 4)") | K13: =IFERROR(__xludf.DUMMYFUNCTION("""COMPUTED_VALUE"""),"Michael Pittman Jr. (WR, 11.9, 4)") | L13: =IFERROR(__xludf.DUMMYFUNCTION("""COMPUTED_VALUE"""),"Woody Marks (RB, 22.3, 4)")
A14: 111-120 | B14: =IFERROR(__xludf.DUMMYFUNCTION("TRANSPOSE( FILTER( IF( 'ALL PPR Drafts'!C$2:C1000 = """", 'ALL PPR Drafts'!D$2:D1000 & "" ("" & 'ALL PPR Drafts'!F$2:F1000 & "", "" & 'ALL PPR Drafts'!H$2:H1000 & "", "" & 'ALL PPR Drafts'!I$2:I1000 & "")"", """" ), VALUE('"&"ALL PPR Drafts'!G$2:G1000) >= 111, VALUE('ALL PPR Drafts'!G$2:G1000) <= 120.99 ) ) "),"#N/A") | C14: =IFERROR(__xludf.DUMMYFUNCTION("""COMPUTED_VALUE"""),"Brandon Aiyuk (WR, 32.5, 3)") | D14: =IFERROR(__xludf.DUMMYFUNCTION("""COMPUTED_VALUE"""),"Jakobi Meyers (WR, 4.5, 3)") | E14: =IFERROR(__xludf.DUMMYFUNCTION("""COMPUTED_VALUE"""),"Jared Goff (QB, 6.8, 3)") | F14: =IFERROR(__xludf.DUMMYFUNCTION("""COMPUTED_VALUE"""),"Aaron Jones Sr. (RB, 5.3, 4)") | G14: =IFERROR(__xludf.DUMMYFUNCTION("""COMPUTED_VALUE"""),"Jake Ferguson (TE, 14.3, 4)") | H14: =IFERROR(__xludf.DUMMYFUNCTION("""COMPUTED_VALUE"""),"#N/A") | I14: =IFERROR(__xludf.DUMMYFUNCTION("""COMPUTED_VALUE"""),"Denzel Boston (WR, 32.2, 4)") | J14: =IFERROR(__xludf.DUMMYFUNCTION("""COMPUTED_VALUE"""),"Jordan Mason (RB, 10.2, 4)")
A15: 121-130 | B15: =IFERROR(__xludf.DUMMYFUNCTION("TRANSPOSE( FILTER( IF( 'ALL PPR Drafts'!C$2:C1000 = """", 'ALL PPR Drafts'!D$2:D1000 & "" ("" & 'ALL PPR Drafts'!F$2:F1000 & "", "" & 'ALL PPR Drafts'!H$2:H1000 & "", "" & 'ALL PPR Drafts'!I$2:I1000 & "")"", """" ), VALUE('"&"ALL PPR Drafts'!G$2:G1000) >= 121, VALUE('ALL PPR Drafts'!G$2:G1000) <= 130.99 ) ) "),"Juwan Johnson (TE, 15.4, 4)") | C15: =IFERROR(__xludf.DUMMYFUNCTION("""COMPUTED_VALUE"""),"James Conner (RB, 16.1, 4)") | D15: =IFERROR(__xludf.DUMMYFUNCTION("""COMPUTED_VALUE"""),"Jayden Higgins (WR, 9, 4)") | E15: =IFERROR(__xludf.DUMMYFUNCTION("""COMPUTED_VALUE"""),"#N/A") | F15: =IFERROR(__xludf.DUMMYFUNCTION("""COMPUTED_VALUE"""),"Malik Willis (QB, 24.7, 4)") | G15: =IFERROR(__xludf.DUMMYFUNCTION("""COMPUTED_VALUE"""),"Brenton Strange (TE, 17, 4)") | H15: =IFERROR(__xludf.DUMMYFUNCTION("""COMPUTED_VALUE"""),"#N/A") | I15: =IFERROR(__xludf.DUMMYFUNCTION("""COMPUTED_VALUE"""),"Kyler Murray (QB, 16.5, 3)") | J15: =IFERROR(__xludf.DUMMYFUNCTION("""COMPUTED_VALUE"""),"#N/A") | K15: =IFERROR(__xludf.DUMMYFUNCTION("""COMPUTED_VALUE"""),"Travis Kelce (TE, 29.9, 4)") | L15: =IFERROR(__xludf.DUMMYFUNCTION("""COMPUTED_VALUE"""),"#N/A")
A16: 131-140 | B16: =IFERROR(__xludf.DUMMYFUNCTION("TRANSPOSE( FILTER( IF( 'ALL PPR Drafts'!C$2:C1000 = """", 'ALL PPR Drafts'!D$2:D1000 & "" ("" & 'ALL PPR Drafts'!F$2:F1000 & "", "" & 'ALL PPR Drafts'!H$2:H1000 & "", "" & 'ALL PPR Drafts'!I$2:I1000 & "")"", """" ), VALUE('"&"ALL PPR Drafts'!G$2:G1000) >= 131, VALUE('ALL PPR Drafts'!G$2:G1000) <= 140.99 ) ) "),"#N/A") | C16: =IFERROR(__xludf.DUMMYFUNCTION("""COMPUTED_VALUE"""),"Jadarian Price (RB, 52.3, 4)") | D16: =IFERROR(__xludf.DUMMYFUNCTION("""COMPUTED_VALUE"""),"Braelon Allen (RB, 18.4, 4)") | E16: =IFERROR(__xludf.DUMMYFUNCTION("""COMPUTED_VALUE"""),"Jayden Reed (WR, 9.7, 4)") | F16: =IFERROR(__xludf.DUMMYFUNCTION("""COMPUTED_VALUE"""),"#N/A") | G16: =IFERROR(__xludf.DUMMYFUNCTION("""COMPUTED_VALUE"""),"Romeo Doubs (WR, 33.5, 4)") | H16: =IFERROR(__xludf.DUMMYFUNCTION("""COMPUTED_VALUE"""),"#N/A") | I16: =IFERROR(__xludf.DUMMYFUNCTION("""COMPUTED_VALUE"""),"George Kittle (TE, 32.5, 4)") | J16: =IFERROR(__xludf.DUMMYFUNCTION("""COMPUTED_VALUE"""),"Hunter Henry (TE, 11.5, 3)") | K16: =IFERROR(__xludf.DUMMYFUNCTION("""COMPUTED_VALUE"""),"Xavier Worthy (WR, 7.6, 3)") | L16: =IFERROR(__xludf.DUMMYFUNCTION("""COMPUTED_VALUE"""),"Khalil Shakir (WR, 8.4, 4)")
A17: 141-150 | B17: =IFERROR(__xludf.DUMMYFUNCTION("TRANSPOSE( FILTER( IF( 'ALL PPR Drafts'!C$2:C1000 = """", 'ALL PPR Drafts'!D$2:D1000 & "" ("" & 'ALL PPR Drafts'!F$2:F1000 & "", "" & 'ALL PPR Drafts'!H$2:H1000 & "", "" & 'ALL PPR Drafts'!I$2:I1000 & "")"", """" ), VALUE('"&"ALL PPR Drafts'!G$2:G1000) >= 141, VALUE('ALL PPR Drafts'!G$2:G1000) <= 150.99 ) ) "),"C.J. Stroud (QB, 10.9, 4)") | C17: =IFERROR(__xludf.DUMMYFUNCTION("""COMPUTED_VALUE"""),"#N/A") | D17: =IFERROR(__xludf.DUMMYFUNCTION("""COMPUTED_VALUE"""),"Emmett Johnson (RB, 42.5, 4)") | E17: =IFERROR(__xludf.DUMMYFUNCTION("""COMPUTED_VALUE"""),"#N/A") | F17: =IFERROR(__xludf.DUMMYFUNCTION("""COMPUTED_VALUE"""),"Stefon Diggs (WR, 49, 4)") | G17: =IFERROR(__xludf.DUMMYFUNCTION("""COMPUTED_VALUE"""),"Alvin Kamara (RB, 21.6, 4)") | H17: =IFERROR(__xludf.DUMMYFUNCTION("""COMPUTED_VALUE"""),"#N/A") | I17: =IFERROR(__xludf.DUMMYFUNCTION("""COMPUTED_VALUE"""),"#N/A") | J17: =IFERROR(__xludf.DUMMYFUNCTION("""COMPUTED_VALUE"""),"Houston Texans (DS, 0, 4)") | K17: =IFERROR(__xludf.DUMMYFUNCTION("""COMPUTED_VALUE"""),"Jonathon Brooks (RB, 26.3, 4)")

Sheet ALL PPR Drafts
B1: x | C1: Taken | D1: PLAYER NAME | E1: TEAM | F1: POS | G1: AVG. | H1: STD.DEV
C2: =IF(COUNTIF(Keeper!B:B,D2)>0,"x","") | D2: =Fantasypro!C2 | E2: =Fantasypro!D2 | F2: =Fantasypro!K2 | G2: =Fantasypro!H2 | H2: =Fantasypro!I2 | I2: =_xludf.IFS( F3 = "RB", _xludf.IFS( AND(H3 >= 0, H3 < 2.55), 1, AND(H3 >= 2.55, H3 < 4.7), 2, AND(H3 >= 4.7, H3 < 8.4), 3, AND(H3 >= 8.4, H3 <= 36), 4 ), F3 = "WR", _xludf.IFS( AND(H3 >= 0, H3 < 2.55), 1, AND(H3 >= 2.55, H3 < 4.2), 2, AND(H3 >= 4.2, H3 < 8.55), 3, AND(H3 >= 8.55, H3 <= 24.4), 4 ), F3 = "QB", _xludf.IFS( AND(H3 >= 0, H3 < 2.95), 1, AND(H3 >= 2.95, H3 < 5.4), 2, AND(H3 >= 5.4, H3 < 7.2), 3, AND(H3 >= 7.2, H3 <= 12.3), 4 ), F3 = "TE", _xludf.IFS( AND(H3 >= 0, H3 < 3), 1, AND(H3 >= 3, H3 < 4.8), 2, AND(H3 >= 4.8, H3 < 8.525), 3, AND(H3 >= 8.525, H3 <= 24.6), 4 ) )
C3: =IF(COUNTIF(Keeper!B:B,D3)>0,"x","") | D3: =Fantasypro!C3 | E3: =Fantasypro!D3 | F3: =Fantasypro!K3 | G3: =Fantasypro!H3 | H3: =Fantasypro!I3 | I3: =_xludf.IFS( F4 = "RB", _xludf.IFS( AND(H4 >= 0, H4 < 2.55), 1, AND(H4 >= 2.55, H4 < 4.7), 2, AND(H4 >= 4.7, H4 < 8.4), 3, AND(H4 >= 8.4, H4 <= 36), 4), F4 = "WR", _xludf.IFS( AND(H4 >= 0, H4 < 2.55), 1, AND(H4 >= 2.55, H4 < 4.2), 2, AND(H4 >= 4.2, H4 < 8.55), 3, AND(H4 >= 8.55, H4 <= 24.4), 4), F4 = "QB", _xludf.IFS( AND(H4 >= 0, H4 < 2.95), 1, AND(H4 >= 2.95, H4 < 5.4), 2, AND(H4 >= 5.4, H4 < 7.2), 3, AND(H4 >= 7.2, H4 <= 12.3), 4), F4 = "TE", _xludf.IFS( AND(H4 >= 0, H4 < 3), 1, AND(H4 >= 3, H4 < 4.8), 2, AND(H4 >= 4.8, H4 < 8.525), 3, AND(H4 >= 8.525, H4 <= 24.6), 4) )
C4: =IF(COUNTIF(Keeper!B:B,D4)>0,"x","") | D4: =Fantasypro!C4 | E4: =Fantasypro!D4 | F4: =Fantasypro!K4 | G4: =Fantasypro!H4 | H4: =Fantasypro!I4 | I4: =_xludf.IFS( F5 = "RB", _xludf.IFS( AND(H5 >= 0, H5 < 2.55), 1, AND(H5 >= 2.55, H5 < 4.7), 2, AND(H5 >= 4.7, H5 < 8.4), 3, AND(H5 >= 8.4, H5 <= 36), 4), F5 = "WR", _xludf.IFS( AND(H5 >= 0, H5 < 2.55), 1, AND(H5 >= 2.55, H5 < 4.2), 2, AND(H5 >= 4.2, H5 < 8.55), 3, AND(H5 >= 8.55, H5 <= 24.4), 4), F5 = "QB", _xludf.IFS( AND(H5 >= 0, H5 < 2.95), 1, AND(H5 >= 2.95, H5 < 5.4), 2, AND(H5 >= 5.4, H5 < 7.2), 3, AND(H5 >= 7.2, H5 <= 12.3), 4), F5 = "TE", _xludf.IFS( AND(H5 >= 0, H5 < 3), 1, AND(H5 >= 3, H5 < 4.8), 2, AND(H5 >= 4.8, H5 < 8.525), 3, AND(H5 >= 8.525, H5 <= 24.6), 4) )
C5: =IF(COUNTIF(Keeper!B:B,D5)>0,"x","") | D5: =Fantasypro!C5 | E5: =Fantasypro!D5 | F5: =Fantasypro!K5 | G5: =Fantasypro!H5 | H5: =Fantasypro!I5 | I5: =_xludf.IFS( F6 = "RB", _xludf.IFS( AND(H6 >= 0, H6 < 2.55), 1, AND(H6 >= 2.55, H6 < 4.7), 2, AND(H6 >= 4.7, H6 < 8.4), 3, AND(H6 >= 8.4, H6 <= 36), 4), F6 = "WR", _xludf.IFS( AND(H6 >= 0, H6 < 2.55), 1, AND(H6 >= 2.55, H6 < 4.2), 2, AND(H6 >= 4.2, H6 < 8.55), 3, AND(H6 >= 8.55, H6 <= 24.4), 4), F6 = "QB", _xludf.IFS( AND(H6 >= 0, H6 < 2.95), 1, AND(H6 >= 2.95, H6 < 5.4), 2, AND(H6 >= 5.4, H6 < 7.2), 3, AND(H6 >= 7.2, H6 <= 12.3), 4), F6 = "TE", _xludf.IFS( AND(H6 >= 0, H6 < 3), 1, AND(H6 >= 3, H6 < 4.8), 2, AND(H6 >= 4.8, H6 < 8.525), 3, AND(H6 >= 8.525, H6 <= 24.6), 4) )
C6: =IF(COUNTIF(Keeper!B:B,D6)>0,"x","") | D6: =Fantasypro!C6 | E6: =Fantasypro!D6 | F6: =Fantasypro!K6 | G6: =Fantasypro!H6 | H6: =Fantasypro!I6 | I6: =_xludf.IFS( F7 = "RB", _xludf.IFS( AND(H7 >= 0, H7 < 2.55), 1, AND(H7 >= 2.55, H7 < 4.7), 2, AND(H7 >= 4.7, H7 < 8.4), 3, AND(H7 >= 8.4, H7 <= 36), 4), F7 = "WR", _xludf.IFS( AND(H7 >= 0, H7 < 2.55), 1, AND(H7 >= 2.55, H7 < 4.2), 2, AND(H7 >= 4.2, H7 < 8.55), 3, AND(H7 >= 8.55, H7 <= 24.4), 4), F7 = "QB", _xludf.IFS( AND(H7 >= 0, H7 < 2.95), 1, AND(H7 >= 2.95, H7 < 5.4), 2, AND(H7 >= 5.4, H7 < 7.2), 3, AND(H7 >= 7.2, H7 <= 12.3), 4), F7 = "TE", _xludf.IFS( AND(H7 >= 0, H7 < 3), 1, AND(H7 >= 3, H7 < 4.8), 2, AND(H7 >= 4.8, H7 < 8.525), 3, AND(H7 >= 8.525, H7 <= 24.6), 4) )
C7: =IF(COUNTIF(Keeper!B:B,D7)>0,"x","") | D7: =Fantasypro!C7 | E7: =Fantasypro!D7 | F7: =Fantasypro!K7 | G7: =Fantasypro!H7 | H7: =Fantasypro!I7 | I7: =_xludf.IFS( F8 = "RB", _xludf.IFS( AND(H8 >= 0, H8 < 2.55), 1, AND(H8 >= 2.55, H8 < 4.7), 2, AND(H8 >= 4.7, H8 < 8.4), 3, AND(H8 >= 8.4, H8 <= 36), 4), F8 = "WR", _xludf.IFS( AND(H8 >= 0, H8 < 2.55), 1, AND(H8 >= 2.55, H8 < 4.2), 2, AND(H8 >= 4.2, H8 < 8.55), 3, AND(H8 >= 8.55, H8 <= 24.4), 4), F8 = "QB", _xludf.IFS( AND(H8 >= 0, H8 < 2.95), 1, AND(H8 >= 2.95, H8 < 5.4), 2, AND(H8 >= 5.4, H8 < 7.2), 3, AND(H8 >= 7.2, H8 <= 12.3), 4), F8 = "TE", _xludf.IFS( AND(H8 >= 0, H8 < 3), 1, AND(H8 >= 3, H8 < 4.8), 2, AND(H8 >= 4.8, H8 < 8.525), 3, AND(H8 >= 8.525, H8 <= 24.6), 4) )
C8: =IF(COUNTIF(Keeper!B:B,D8)>0,"x","") | D8: =Fantasypro!C8 | E8: =Fantasypro!D8 | F8: =Fantasypro!K8 | G8: =Fantasypro!H8 | H8: =Fantasypro!I8 | I8: =_xludf.IFS( F9 = "RB", _xludf.IFS( AND(H9 >= 0, H9 < 2.55), 1, AND(H9 >= 2.55, H9 < 4.7), 2, AND(H9 >= 4.7, H9 < 8.4), 3, AND(H9 >= 8.4, H9 <= 36), 4), F9 = "WR", _xludf.IFS( AND(H9 >= 0, H9 < 2.55), 1, AND(H9 >= 2.55, H9 < 4.2), 2, AND(H9 >= 4.2, H9 < 8.55), 3, AND(H9 >= 8.55, H9 <= 24.4), 4), F9 = "QB", _xludf.IFS( AND(H9 >= 0, H9 < 2.95), 1, AND(H9 >= 2.95, H9 < 5.4), 2, AND(H9 >= 5.4, H9 < 7.2), 3, AND(H9 >= 7.2, H9 <= 12.3), 4), F9 = "TE", _xludf.IFS( AND(H9 >= 0, H9 < 3), 1, AND(H9 >= 3, H9 < 4.8), 2, AND(H9 >= 4.8, H9 < 8.525), 3, AND(H9 >= 8.525, H9 <= 24.6), 4) )
C9: =IF(COUNTIF(Keeper!B:B,D9)>0,"x","") | D9: =Fantasypro!C9 | E9: =Fantasypro!D9 | F9: =Fantasypro!K9 | G9: =Fantasypro!H9 | H9: =Fantasypro!I9 | I9: =_xludf.IFS( F10 = "RB", _xludf.IFS( AND(H10 >= 0, H10 < 2.55), 1, AND(H10 >= 2.55, H10 < 4.7), 2, AND(H10 >= 4.7, H10 < 8.4), 3, AND(H10 >= 8.4, H10 <= 36), 4), F10 = "WR", _xludf.IFS( AND(H10 >= 0, H10 < 2.55), 1, AND(H10 >= 2.55, H10 < 4.2), 2, AND(H10 >= 4.2, H10 < 8.55), 3, AND(H10 >= 8.55, H10 <= 24.4), 4), F10 = "QB", _xludf.IFS( AND(H10 >= 0, H10 < 2.95), 1, AND(H10 >= 2.95, H10 < 5.4), 2, AND(H10 >= 5.4, H10 < 7.2), 3, AND(H10 >= 7.2, H10 <= 12.3), 4), F10 = "TE", _xludf.IFS( AND(H10 >= 0, H10 < 3), 1, AND(H10 >= 3, H10 < 4.8), 2, AND(H10 >= 4.8, H10 < 8.525), 3, AND(H10 >= 8.525, H10 <= 24.6), 4) )
C10: =IF(COUNTIF(Keeper!B:B,D10)>0,"x","") | D10: =Fantasypro!C10 | E10: =Fantasypro!D10 | F10: =Fantasypro!K10 | G10: =Fantasypro!H10 | H10: =Fantasypro!I10 | I10: =_xludf.IFS( F11 = "RB", _xludf.IFS( AND(H11 >= 0, H11 < 2.55), 1, AND(H11 >= 2.55, H11 < 4.7), 2, AND(H11 >= 4.7, H11 < 8.4), 3, AND(H11 >= 8.4, H11 <= 36), 4), F11 = "WR", _xludf.IFS( AND(H11 >= 0, H11 < 2.55), 1, AND(H11 >= 2.55, H11 < 4.2), 2, AND(H11 >= 4.2, H11 < 8.55), 3, AND(H11 >= 8.55, H11 <= 24.4), 4), F11 = "QB", _xludf.IFS( AND(H11 >= 0, H11 < 2.95), 1, AND(H11 >= 2.95, H11 < 5.4), 2, AND(H11 >= 5.4, H11 < 7.2), 3, AND(H11 >= 7.2, H11 <= 12.3), 4), F11 = "TE", _xludf.IFS( AND(H11 >= 0, H11 < 3), 1, AND(H11 >= 3, H11 < 4.8), 2, AND(H11 >= 4.8, H11 < 8.525), 3, AND(H11 >= 8.525, H11 <= 24.6), 4) )
C11: =IF(COUNTIF(Keeper!B:B,D11)>0,"x","") | D11: =Fantasypro!C11 | E11: =Fantasypro!D11 | F11: =Fantasypro!K11 | G11: =Fantasypro!H11 | H11: =Fantasypro!I11 | I11: =_xludf.IFS( F12 = "RB", _xludf.IFS( AND(H12 >= 0, H12 < 2.55), 1, AND(H12 >= 2.55, H12 < 4.7), 2, AND(H12 >= 4.7, H12 < 8.4), 3, AND(H12 >= 8.4, H12 <= 36), 4), F12 = "WR", _xludf.IFS( AND(H12 >= 0, H12 < 2.55), 1, AND(H12 >= 2.55, H12 < 4.2), 2, AND(H12 >= 4.2, H12 < 8.55), 3, AND(H12 >= 8.55, H12 <= 24.4), 4), F12 = "QB", _xludf.IFS( AND(H12 >= 0, H12 < 2.95), 1, AND(H12 >= 2.95, H12 < 5.4), 2, AND(H12 >= 5.4, H12 < 7.2), 3, AND(H12 >= 7.2, H12 <= 12.3), 4), F12 = "TE", _xludf.IFS( AND(H12 >= 0, H12 < 3), 1, AND(H12 >= 3, H12 < 4.8), 2, AND(H12 >= 4.8, H12 < 8.525), 3, AND(H12 >= 8.525, H12 <= 24.6), 4) )
C12: =IF(COUNTIF(Keeper!B:B,D12)>0,"x","") | D12: =Fantasypro!C12 | E12: =Fantasypro!D12 | F12: =Fantasypro!K12 | G12: =Fantasypro!H12 | H12: =Fantasypro!I12 | I12: =_xludf.IFS( F13 = "RB", _xludf.IFS( AND(H13 >= 0, H13 < 2.55), 1, AND(H13 >= 2.55, H13 < 4.7), 2, AND(H13 >= 4.7, H13 < 8.4), 3, AND(H13 >= 8.4, H13 <= 36), 4), F13 = "WR", _xludf.IFS( AND(H13 >= 0, H13 < 2.55), 1, AND(H13 >= 2.55, H13 < 4.2), 2, AND(H13 >= 4.2, H13 < 8.55), 3, AND(H13 >= 8.55, H13 <= 24.4), 4), F13 = "QB", _xludf.IFS( AND(H13 >= 0, H13 < 2.95), 1, AND(H13 >= 2.95, H13 < 5.4), 2, AND(H13 >= 5.4, H13 < 7.2), 3, AND(H13 >= 7.2, H13 <= 12.3), 4), F13 = "TE", _xludf.IFS( AND(H13 >= 0, H13 < 3), 1, AND(H13 >= 3, H13 < 4.8), 2, AND(H13 >= 4.8, H13 < 8.525), 3, AND(H13 >= 8.525, H13 <= 24.6), 4) )
C13: =IF(COUNTIF(Keeper!B:B,D13)>0,"x","") | D13: =Fantasypro!C13 | E13: =Fantasypro!D13 | F13: =Fantasypro!K13 | G13: =Fantasypro!H13 | H13: =Fantasypro!I13 | I13: =_xludf.IFS( F14 = "RB", _xludf.IFS( AND(H14 >= 0, H14 < 2.55), 1, AND(H14 >= 2.55, H14 < 4.7), 2, AND(H14 >= 4.7, H14 < 8.4), 3, AND(H14 >= 8.4, H14 <= 36), 4), F14 = "WR", _xludf.IFS( AND(H14 >= 0, H14 < 2.55), 1, AND(H14 >= 2.55, H14 < 4.2), 2, AND(H14 >= 4.2, H14 < 8.55), 3, AND(H14 >= 8.55, H14 <= 24.4), 4), F14 = "QB", _xludf.IFS( AND(H14 >= 0, H14 < 2.95), 1, AND(H14 >= 2.95, H14 < 5.4), 2, AND(H14 >= 5.4, H14 < 7.2), 3, AND(H14 >= 7.2, H14 <= 12.3), 4), F14 = "TE", _xludf.IFS( AND(H14 >= 0, H14 < 3), 1, AND(H14 >= 3, H14 < 4.8), 2, AND(H14 >= 4.8, H14 < 8.525), 3, AND(H14 >= 8.525, H14 <= 24.6), 4) )
C14: =IF(COUNTIF(Keeper!B:B,D14)>0,"x","") | D14: =Fantasypro!C14 | E14: =Fantasypro!D14 | F14: =Fantasypro!K14 | G14: =Fantasypro!H14 | H14: =Fantasypro!I14 | I14: =_xludf.IFS( F15 = "RB", _xludf.IFS( AND(H15 >= 0, H15 < 2.55), 1, AND(H15 >= 2.55, H15 < 4.7), 2, AND(H15 >= 4.7, H15 < 8.4), 3, AND(H15 >= 8.4, H15 <= 36), 4), F15 = "WR", _xludf.IFS( AND(H15 >= 0, H15 < 2.55), 1, AND(H15 >= 2.55, H15 < 4.2), 2, AND(H15 >= 4.2, H15 < 8.55), 3, AND(H15 >= 8.55, H15 <= 24.4), 4), F15 = "QB", _xludf.IFS( AND(H15 >= 0, H15 < 2.95), 1, AND(H15 >= 2.95, H15 < 5.4), 2, AND(H15 >= 5.4, H15 < 7.2), 3, AND(H15 >= 7.2, H15 <= 12.3), 4), F15 = "TE", _xludf.IFS( AND(H15 >= 0, H15 < 3), 1, AND(H15 >= 3, H15 < 4.8), 2, AND(H15 >= 4.8, H15 < 8.525), 3, AND(H15 >= 8.525, H15 <= 24.6), 4) )
... C25: =IF(COUNTIF(Keeper!B:B,D25)>0,"x","") | D25: =Fantasypro!C25 | E25: =Fantasypro!D25 | F25: =Fantasypro!K25 | G25: =Fantasypro!H25 | H25: =Fantasypro!I25 | I25: =_xludf.IFS( F26 = "RB", _xludf.IFS( AND(H26 >= 0, H26 < 2.55), 1, AND(H26 >= 2.55, H26 < 4.7), 2, AND(H26 >= 4.7, H26 < 8.4), 3, AND(H26 >= 8.4, H26 <= 36), 4), F26 = "WR", _xludf.IFS( AND(H26 >= 0, H26 < 2.55), 1, AND(H26 >= 2.55, H26 < 4.2), 2, AND(H26 >= 4.2, H26 < 8.55), 3, AND(H26 >= 8.55, H26 <= 24.4), 4), F26 = "QB", _xludf.IFS( AND(H26 >= 0, H26 < 2.95), 1, AND(H26 >= 2.95, H26 < 5.4), 2, AND(H26 >= 5.4, H26 < 7.2), 3, AND(H26 >= 7.2, H26 <= 12.3), 4), F26 = "TE", _xludf.IFS( AND(H26 >= 0, H26 < 3), 1, AND(H26 >= 3, H26 < 4.8), 2, AND(H26 >= 4.8, H26 < 8.525), 3, AND(H26 >= 8.525, H26 <= 24.6), 4) )
C26: x | D26: =Fantasypro!C26 | E26: =Fantasypro!D26 | F26: =Fantasypro!K26 | G26: =Fantasypro!H26 | H26: =Fantasypro!I26 | I26: =_xludf.IFS( F27 = "RB", _xludf.IFS( AND(H27 >= 0, H27 < 2.55), 1, AND(H27 >= 2.55, H27 < 4.7), 2, AND(H27 >= 4.7, H27 < 8.4), 3, AND(H27 >= 8.4, H27 <= 36), 4), F27 = "WR", _xludf.IFS( AND(H27 >= 0, H27 < 2.55), 1, AND(H27 >= 2.55, H27 < 4.2), 2, AND(H27 >= 4.2, H27 < 8.55), 3, AND(H27 >= 8.55, H27 <= 24.4), 4), F27 = "QB", _xludf.IFS( AND(H27 >= 0, H27 < 2.95), 1, AND(H27 >= 2.95, H27 < 5.4), 2, AND(H27 >= 5.4, H27 < 7.2), 3, AND(H27 >= 7.2, H27 <= 12.3), 4), F27 = "TE", _xludf.IFS( AND(H27 >= 0, H27 < 3), 1, AND(H27 >= 3, H27 < 4.8), 2, AND(H27 >= 4.8, H27 < 8.525), 3, AND(H27 >= 8.525, H27 <= 24.6), 4) )
C27: =IF(COUNTIF(Keeper!B:B,D27)>0,"x","") | D27: =Fantasypro!C27 | E27: =Fantasypro!D27 | F27: =Fantasypro!K27 | G27: =Fantasypro!H27 | H27: =Fantasypro!I27 | I27: 2
C28: =IF(COUNTIF(Keeper!B:B,D28)>0,"x","") | D28: =#REF! | E28: =#REF! | F28: =#REF! | G28: =#REF! | H28: =#REF! | I28: =_xludf.IFS( F29 = "RB", _xludf.IFS( AND(H29 >= 0, H29 < 2.55), 1, AND(H29 >= 2.55, H29 < 4.7), 2, AND(H29 >= 4.7, H29 < 8.4), 3, AND(H29 >= 8.4, H29 <= 36), 4 ), F29 = "WR", _xludf.IFS( AND(H29 >= 0, H29 < 2.55), 1, AND(H29 >= 2.55, H29 < 4.2), 2, AND(H29 >= 4.2, H29 < 8.55), 3, AND(H29 >= 8.55, H29 <= 24.4), 4 ), F29 = "QB", _xludf.IFS( AND(H29 >= 0, H29 < 2.95), 1, AND(H29 >= 2.95, H29 < 5.4), 2, AND(H29 >= 5.4, H29 < 7.2), 3, AND(H29 >= 7.2, H29 <= 12.3), 4 ), F29 = "TE", _xludf.IFS( AND(H29 >= 0, H29 < 3), 1, AND(H29 >= 3, H29 < 4.8), 2, AND(H29 >= 4.8, H29 < 8.525), 3, AND(H29 >= 8.525, H29 <= 24.6), 4 ) )
C29: =IF(COUNTIF(Keeper!B:B,D29)>0,"x","") | D29: =#REF! | E29: =#REF! | F29: =#REF! | G29: =#REF! | H29: =#REF! | I29: =_xludf.IFS( F30 = "RB", _xludf.IFS( AND(H30 >= 0, H30 < 2.55), 1, AND(H30 >= 2.55, H30 < 4.7), 2, AND(H30 >= 4.7, H30 < 8.4), 3, AND(H30 >= 8.4, H30 <= 36), 4), F30 = "WR", _xludf.IFS( AND(H30 >= 0, H30 < 2.55), 1, AND(H30 >= 2.55, H30 < 4.2), 2, AND(H30 >= 4.2, H30 < 8.55), 3, AND(H30 >= 8.55, H30 <= 24.4), 4), F30 = "QB", _xludf.IFS( AND(H30 >= 0, H30 < 2.95), 1, AND(H30 >= 2.95, H30 < 5.4), 2, AND(H30 >= 5.4, H30 < 7.2), 3, AND(H30 >= 7.2, H30 <= 12.3), 4), F30 = "TE", _xludf.IFS( AND(H30 >= 0, H30 < 3), 1, AND(H30 >= 3, H30 < 4.8), 2, AND(H30 >= 4.8, H30 < 8.525), 3, AND(H30 >= 8.525, H30 <= 24.6), 4) )
C30: =IF(COUNTIF(Keeper!B:B,D30)>0,"x","") | D30: =#REF! | E30: =#REF! | F30: =#REF! | G30: =#REF! | H30: =#REF! | I30: =_xludf.IFS( F31 = "RB", _xludf.IFS( AND(H31 >= 0, H31 < 2.55), 1, AND(H31 >= 2.55, H31 < 4.7), 2, AND(H31 >= 4.7, H31 < 8.4), 3, AND(H31 >= 8.4, H31 <= 36), 4), F31 = "WR", _xludf.IFS( AND(H31 >= 0, H31 < 2.55), 1, AND(H31 >= 2.55, H31 < 4.2), 2, AND(H31 >= 4.2, H31 < 8.55), 3, AND(H31 >= 8.55, H31 <= 24.4), 4), F31 = "QB", _xludf.IFS( AND(H31 >= 0, H31 < 2.95), 1, AND(H31 >= 2.95, H31 < 5.4), 2, AND(H31 >= 5.4, H31 < 7.2), 3, AND(H31 >= 7.2, H31 <= 12.3), 4), F31 = "TE", _xludf.IFS( AND(H31 >= 0, H31 < 3), 1, AND(H31 >= 3, H31 < 4.8), 2, AND(H31 >= 4.8, H31 < 8.525), 3, AND(H31 >= 8.525, H31 <= 24.6), 4) )
C31: =IF(COUNTIF(Keeper!B:B,D31)>0,"x","") | D31: =Fantasypro!C28 | E31: =Fantasypro!D28 | F31: =Fantasypro!K28 | G31: =Fantasypro!H28 | H31: =Fantasypro!I28 | I31: =_xludf.IFS( F32 = "RB", _xludf.IFS( AND(H32 >= 0, H32 < 2.55), 1, AND(H32 >= 2.55, H32 < 4.7), 2, AND(H32 >= 4.7, H32 < 8.4), 3, AND(H32 >= 8.4, H32 <= 36), 4), F32 = "WR", _xludf.IFS( AND(H32 >= 0, H32 < 2.55), 1, AND(H32 >= 2.55, H32 < 4.2), 2, AND(H32 >= 4.2, H32 < 8.55), 3, AND(H32 >= 8.55, H32 <= 24.4), 4), F32 = "QB", _xludf.IFS( AND(H32 >= 0, H32 < 2.95), 1, AND(H32 >= 2.95, H32 < 5.4), 2, AND(H32 >= 5.4, H32 < 7.2), 3, AND(H32 >= 7.2, H32 <= 12.3), 4), F32 = "TE", _xludf.IFS( AND(H32 >= 0, H32 < 3), 1, AND(H32 >= 3, H32 < 4.8), 2, AND(H32 >= 4.8, H32 < 8.525), 3, AND(H32 >= 8.525, H32 <= 24.6), 4) )
C32: =IF(COUNTIF(Keeper!B:B,D32)>0,"x","") | D32: =Fantasypro!C29 | E32: =Fantasypro!D29 | F32: =Fantasypro!K29 | G32: =Fantasypro!H29 | H32: =Fantasypro!I29 | I32: =_xludf.IFS( F33 = "RB", _xludf.IFS( AND(H33 >= 0, H33 < 2.55), 1, AND(H33 >= 2.55, H33 < 4.7), 2, AND(H33 >= 4.7, H33 < 8.4), 3, AND(H33 >= 8.4, H33 <= 36), 4), F33 = "WR", _xludf.IFS( AND(H33 >= 0, H33 < 2.55), 1, AND(H33 >= 2.55, H33 < 4.2), 2, AND(H33 >= 4.2, H33 < 8.55), 3, AND(H33 >= 8.55, H33 <= 24.4), 4), F33 = "QB", _xludf.IFS( AND(H33 >= 0, H33 < 2.95), 1, AND(H33 >= 2.95, H33 < 5.4), 2, AND(H33 >= 5.4, H33 < 7.2), 3, AND(H33 >= 7.2, H33 <= 12.3), 4), F33 = "TE", _xludf.IFS( AND(H33 >= 0, H33 < 3), 1, AND(H33 >= 3, H33 < 4.8), 2, AND(H33 >= 4.8, H33 < 8.525), 3, AND(H33 >= 8.525, H33 <= 24.6), 4) )
C33: =IF(COUNTIF(Keeper!B:B,D33)>0,"x","") | D33: =Fantasypro!C30 | E33: =Fantasypro!D30 | F33: =Fantasypro!K30 | G33: =Fantasypro!H30 | H33: =Fantasypro!I30 | I33: =_xludf.IFS( F34 = "RB", _xludf.IFS( AND(H34 >= 0, H34 < 2.55), 1, AND(H34 >= 2.55, H34 < 4.7), 2, AND(H34 >= 4.7, H34 < 8.4), 3, AND(H34 >= 8.4, H34 <= 36), 4), F34 = "WR", _xludf.IFS( AND(H34 >= 0, H34 < 2.55), 1, AND(H34 >= 2.55, H34 < 4.2), 2, AND(H34 >= 4.2, H34 < 8.55), 3, AND(H34 >= 8.55, H34 <= 24.4), 4), F34 = "QB", _xludf.IFS( AND(H34 >= 0, H34 < 2.95), 1, AND(H34 >= 2.95, H34 < 5.4), 2, AND(H34 >= 5.4, H34 < 7.2), 3, AND(H34 >= 7.2, H34 <= 12.3), 4), F34 = "TE", _xludf.IFS( AND(H34 >= 0, H34 < 3), 1, AND(H34 >= 3, H34 < 4.8), 2, AND(H34 >= 4.8, H34 < 8.525), 3, AND(H34 >= 8.525, H34 <= 24.6), 4) )
C34: =IF(COUNTIF(Keeper!B:B,D34)>0,"x","") | D34: =Fantasypro!C31 | E34: =Fantasypro!D31 | F34: =Fantasypro!K31 | G34: =Fantasypro!H31 | H34: =Fantasypro!I31 | I34: =_xludf.IFS( F35 = "RB", _xludf.IFS( AND(H35 >= 0, H35 < 2.55), 1, AND(H35 >= 2.55, H35 < 4.7), 2, AND(H35 >= 4.7, H35 < 8.4), 3, AND(H35 >= 8.4, H35 <= 36), 4), F35 = "WR", _xludf.IFS( AND(H35 >= 0, H35 < 2.55), 1, AND(H35 >= 2.55, H35 < 4.2), 2, AND(H35 >= 4.2, H35 < 8.55), 3, AND(H35 >= 8.55, H35 <= 24.4), 4), F35 = "QB", _xludf.IFS( AND(H35 >= 0, H35 < 2.95), 1, AND(H35 >= 2.95, H35 < 5.4), 2, AND(H35 >= 5.4, H35 < 7.2), 3, AND(H35 >= 7.2, H35 <= 12.3), 4), F35 = "TE", _xludf.IFS( AND(H35 >= 0, H35 < 3), 1, AND(H35 >= 3, H35 < 4.8), 2, AND(H35 >= 4.8, H35 < 8.525), 3, AND(H35 >= 8.525, H35 <= 24.6), 4) )
C35: =IF(COUNTIF(Keeper!B:B,D35)>0,"x","") | D35: =Fantasypro!C32 | E35: =Fantasypro!D32 | F35: =Fantasypro!K32 | G35: =Fantasypro!H32 | H35: =Fantasypro!I32 | I35: =_xludf.IFS( F36 = "RB", _xludf.IFS( AND(H36 >= 0, H36 < 2.55), 1, AND(H36 >= 2.55, H36 < 4.7), 2, AND(H36 >= 4.7, H36 < 8.4), 3, AND(H36 >= 8.4, H36 <= 36), 4), F36 = "WR", _xludf.IFS( AND(H36 >= 0, H36 < 2.55), 1, AND(H36 >= 2.55, H36 < 4.2), 2, AND(H36 >= 4.2, H36 < 8.55), 3, AND(H36 >= 8.55, H36 <= 24.4), 4), F36 = "QB", _xludf.IFS( AND(H36 >= 0, H36 < 2.95), 1, AND(H36 >= 2.95, H36 < 5.4), 2, AND(H36 >= 5.4, H36 < 7.2), 3, AND(H36 >= 7.2, H36 <= 12.3), 4), F36 = "TE", _xludf.IFS( AND(H36 >= 0, H36 < 3), 1, AND(H36 >= 3, H36 < 4.8), 2, AND(H36 >= 4.8, H36 < 8.525), 3, AND(H36 >= 8.525, H36 <= 24.6), 4) )
D36: =Fantasypro!C33 | E36: =Fantasypro!D33 | F36: =Fantasypro!K33 | G36: =Fantasypro!H33 | H36: =Fantasypro!I33 | I36: =_xludf.IFS( F37 = "RB", _xludf.IFS( AND(H37 >= 0, H37 < 2.55), 1, AND(H37 >= 2.55, H37 < 4.7), 2, AND(H37 >= 4.7, H37 < 8.4), 3, AND(H37 >= 8.4, H37 <= 36), 4), F37 = "WR", _xludf.IFS( AND(H37 >= 0, H37 < 2.55), 1, AND(H37 >= 2.55, H37 < 4.2), 2, AND(H37 >= 4.2, H37 < 8.55), 3, AND(H37 >= 8.55, H37 <= 24.4), 4), F37 = "QB", _xludf.IFS( AND(H37 >= 0, H37 < 2.95), 1, AND(H37 >= 2.95, H37 < 5.4), 2, AND(H37 >= 5.4, H37 < 7.2), 3, AND(H37 >= 7.2, H37 <= 12.3), 4), F37 = "TE", _xludf.IFS( AND(H37 >= 0, H37 < 3), 1, AND(H37 >= 3, H37 < 4.8), 2, AND(H37 >= 4.8, H37 < 8.525), 3, AND(H37 >= 8.525, H37 <= 24.6), 4) )
C37: =IF(COUNTIF(Keeper!B:B,D37)>0,"x","") | D37: =Fantasypro!C34 | E37: =Fantasypro!D34 | F37: =Fantasypro!K34 | G37: =Fantasypro!H34 | H37: =Fantasypro!I34 | I37: =_xludf.IFS( F38 = "RB", _xludf.IFS( AND(H38 >= 0, H38 < 2.55), 1, AND(H38 >= 2.55, H38 < 4.7), 2, AND(H38 >= 4.7, H38 < 8.4), 3, AND(H38 >= 8.4, H38 <= 36), 4), F38 = "WR", _xludf.IFS( AND(H38 >= 0, H38 < 2.55), 1, AND(H38 >= 2.55, H38 < 4.2), 2, AND(H38 >= 4.2, H38 < 8.55), 3, AND(H38 >= 8.55, H38 <= 24.4), 4), F38 = "QB", _xludf.IFS( AND(H38 >= 0, H38 < 2.95), 1, AND(H38 >= 2.95, H38 < 5.4), 2, AND(H38 >= 5.4, H38 < 7.2), 3, AND(H38 >= 7.2, H38 <= 12.3), 4), F38 = "TE", _xludf.IFS( AND(H38 >= 0, H38 < 3), 1, AND(H38 >= 3, H38 < 4.8), 2, AND(H38 >= 4.8, H38 < 8.525), 3, AND(H38 >= 8.525, H38 <= 24.6), 4) )
C38: =IF(COUNTIF(Keeper!B:B,D38)>0,"x","") | D38: =Fantasypro!C35 | E38: =Fantasypro!D35 | F38: =Fantasypro!K35 | G38: =Fantasypro!H35 | H38: =Fantasypro!I35 | I38: =_xludf.IFS( F39 = "RB", _xludf.IFS( AND(H39 >= 0, H39 < 2.55), 1, AND(H39 >= 2.55, H39 < 4.7), 2, AND(H39 >= 4.7, H39 < 8.4), 3, AND(H39 >= 8.4, H39 <= 36), 4), F39 = "WR", _xludf.IFS( AND(H39 >= 0, H39 < 2.55), 1, AND(H39 >= 2.55, H39 < 4.2), 2, AND(H39 >= 4.2, H39 < 8.55), 3, AND(H39 >= 8.55, H39 <= 24.4), 4), F39 = "QB", _xludf.IFS( AND(H39 >= 0, H39 < 2.95), 1, AND(H39 >= 2.95, H39 < 5.4), 2, AND(H39 >= 5.4, H39 < 7.2), 3, AND(H39 >= 7.2, H39 <= 12.3), 4), F39 = "TE", _xludf.IFS( AND(H39 >= 0, H39 < 3), 1, AND(H39 >= 3, H39 < 4.8), 2, AND(H39 >= 4.8, H39 < 8.525), 3, AND(H39 >= 8.525, H39 <= 24.6), 4) )
C39: =IF(COUNTIF(Keeper!B:B,D39)>0,"x","") | D39: =Fantasypro!C36 | E39: =Fantasypro!D36 | F39: =Fantasypro!K36 | G39: =Fantasypro!H36 | H39: =Fantasypro!I36 | I39: =_xludf.IFS( F40 = "RB", _xludf.IFS( AND(H40 >= 0, H40 < 2.55), 1, AND(H40 >= 2.55, H40 < 4.7), 2, AND(H40 >= 4.7, H40 < 8.4), 3, AND(H40 >= 8.4, H40 <= 36), 4), F40 = "WR", _xludf.IFS( AND(H40 >= 0, H40 < 2.55), 1, AND(H40 >= 2.55, H40 < 4.2), 2, AND(H40 >= 4.2, H40 < 8.55), 3, AND(H40 >= 8.55, H40 <= 24.4), 4), F40 = "QB", _xludf.IFS( AND(H40 >= 0, H40 < 2.95), 1, AND(H40 >= 2.95, H40 < 5.4), 2, AND(H40 >= 5.4, H40 < 7.2), 3, AND(H40 >= 7.2, H40 <= 12.3), 4), F40 = "TE", _xludf.IFS( AND(H40 >= 0, H40 < 3), 1, AND(H40 >= 3, H40 < 4.8), 2, AND(H40 >= 4.8, H40 < 8.525), 3, AND(H40 >= 8.525, H40 <= 24.6), 4) )
C40: =IF(COUNTIF(Keeper!B:B,D40)>0,"x","") | D40: =Fantasypro!C37 | E40: =Fantasypro!D37 | F40: =Fantasypro!K37 | G40: =Fantasypro!H37 | H40: =Fantasypro!I37 | I40: =_xludf.IFS( F41 = "RB", _xludf.IFS( AND(H41 >= 0, H41 < 2.55), 1, AND(H41 >= 2.55, H41 < 4.7), 2, AND(H41 >= 4.7, H41 < 8.4), 3, AND(H41 >= 8.4, H41 <= 36), 4), F41 = "WR", _xludf.IFS( AND(H41 >= 0, H41 < 2.55), 1, AND(H41 >= 2.55, H41 < 4.2), 2, AND(H41 >= 4.2, H41 < 8.55), 3, AND(H41 >= 8.55, H41 <= 24.4), 4), F41 = "QB", _xludf.IFS( AND(H41 >= 0, H41 < 2.95), 1, AND(H41 >= 2.95, H41 < 5.4), 2, AND(H41 >= 5.4, H41 < 7.2), 3, AND(H41 >= 7.2, H41 <= 12.3), 4), F41 = "TE", _xludf.IFS( AND(H41 >= 0, H41 < 3), 1, AND(H41 >= 3, H41 < 4.8), 2, AND(H41 >= 4.8, H41 < 8.525), 3, AND(H41 >= 8.525, H41 <= 24.6), 4) )
D41: =Fantasypro!C38 | E41: =Fantasypro!D38 | F41: =Fantasypro!K38 | G41: =Fantasypro!H38 | H41: =Fantasypro!I38 | I41: =_xludf.IFS( F42 = "RB", _xludf.IFS( AND(H42 >= 0, H42 < 2.55), 1, AND(H42 >= 2.55, H42 < 4.7), 2, AND(H42 >= 4.7, H42 < 8.4), 3, AND(H42 >= 8.4, H42 <= 36), 4), F42 = "WR", _xludf.IFS( AND(H42 >= 0, H42 < 2.55), 1, AND(H42 >= 2.55, H42 < 4.2), 2, AND(H42 >= 4.2, H42 < 8.55), 3, AND(H42 >= 8.55, H42 <= 24.4), 4), F42 = "QB", _xludf.IFS( AND(H42 >= 0, H42 < 2.95), 1, AND(H42 >= 2.95, H42 < 5.4), 2, AND(H42 >= 5.4, H42 < 7.2), 3, AND(H42 >= 7.2, H42 <= 12.3), 4), F42 = "TE", _xludf.IFS( AND(H42 >= 0, H42 < 3), 1, AND(H42 >= 3, H42 < 4.8), 2, AND(H42 >= 4.8, H42 < 8.525), 3, AND(H42 >= 8.525, H42 <= 24.6), 4) )
C42: =IF(COUNTIF(Keeper!B:B,D42)>0,"x","") | D42: =Fantasypro!C39 | E42: =Fantasypro!D39 | F42: =Fantasypro!K39 | G42: =Fantasypro!H39 | H42: =Fantasypro!I39 | I42: =_xludf.IFS( F43 = "RB", _xludf.IFS( AND(H43 >= 0, H43 < 2.55), 1, AND(H43 >= 2.55, H43 < 4.7), 2, AND(H43 >= 4.7, H43 < 8.4), 3, AND(H43 >= 8.4, H43 <= 36), 4), F43 = "WR", _xludf.IFS( AND(H43 >= 0, H43 < 2.55), 1, AND(H43 >= 2.55, H43 < 4.2), 2, AND(H43 >= 4.2, H43 < 8.55), 3, AND(H43 >= 8.55, H43 <= 24.4), 4), F43 = "QB", _xludf.IFS( AND(H43 >= 0, H43 < 2.95), 1, AND(H43 >= 2.95, H43 < 5.4), 2, AND(H43 >= 5.4, H43 < 7.2), 3, AND(H43 >= 7.2, H43 <= 12.3), 4), F43 = "TE", _xludf.IFS( AND(H43 >= 0, H43 < 3), 1, AND(H43 >= 3, H43 < 4.8), 2, AND(H43 >= 4.8, H43 < 8.525), 3, AND(H43 >= 8.525, H43 <= 24.6), 4) )
C43: =IF(COUNTIF(Keeper!B:B,D43)>0,"x","") | D43: =Fantasypro!C40 | E43: =Fantasypro!D40 | F43: =Fantasypro!K40 | G43: =Fantasypro!H40 | H43: =Fantasypro!I40 | I43: =_xludf.IFS( F44 = "RB", _xludf.IFS( AND(H44 >= 0, H44 < 2.55), 1, AND(H44 >= 2.55, H44 < 4.7), 2, AND(H44 >= 4.7, H44 < 8.4), 3, AND(H44 >= 8.4, H44 <= 36), 4), F44 = "WR", _xludf.IFS( AND(H44 >= 0, H44 < 2.55), 1, AND(H44 >= 2.55, H44 < 4.2), 2, AND(H44 >= 4.2, H44 < 8.55), 3, AND(H44 >= 8.55, H44 <= 24.4), 4), F44 = "QB", _xludf.IFS( AND(H44 >= 0, H44 < 2.95), 1, AND(H44 >= 2.95, H44 < 5.4), 2, AND(H44 >= 5.4, H44 < 7.2), 3, AND(H44 >= 7.2, H44 <= 12.3), 4), F44 = "TE", _xludf.IFS( AND(H44 >= 0, H44 < 3), 1, AND(H44 >= 3, H44 < 4.8), 2, AND(H44 >= 4.8, H44 < 8.525), 3, AND(H44 >= 8.525, H44 <= 24.6), 4) )
C44: =IF(COUNTIF(Keeper!B:B,D44)>0,"x","") | D44: =Fantasypro!C41 | E44: =Fantasypro!D41 | F44: =Fantasypro!K41 | G44: =Fantasypro!H41 | H44: =Fantasypro!I41 | I44: =_xludf.IFS( F45 = "RB", _xludf.IFS( AND(H45 >= 0, H45 < 2.55), 1, AND(H45 >= 2.55, H45 < 4.7), 2, AND(H45 >= 4.7, H45 < 8.4), 3, AND(H45 >= 8.4, H45 <= 36), 4), F45 = "WR", _xludf.IFS( AND(H45 >= 0, H45 < 2.55), 1, AND(H45 >= 2.55, H45 < 4.2), 2, AND(H45 >= 4.2, H45 < 8.55), 3, AND(H45 >= 8.55, H45 <= 24.4), 4), F45 = "QB", _xludf.IFS( AND(H45 >= 0, H45 < 2.95), 1, AND(H45 >= 2.95, H45 < 5.4), 2, AND(H45 >= 5.4, H45 < 7.2), 3, AND(H45 >= 7.2, H45 <= 12.3), 4), F45 = "TE", _xludf.IFS( AND(H45 >= 0, H45 < 3), 1, AND(H45 >= 3, H45 < 4.8), 2, AND(H45 >= 4.8, H45 < 8.525), 3, AND(H45 >= 8.525, H45 <= 24.6), 4) )
C45: =IF(COUNTIF(Keeper!B:B,D45)>0,"x","") | D45: =Fantasypro!C42 | E45: =Fantasypro!D42 | F45: =Fantasypro!K42 | G45: =Fantasypro!H42 | H45: =Fantasypro!I42 | I45: =_xludf.IFS( F46 = "RB", _xludf.IFS( AND(H46 >= 0, H46 < 2.55), 1, AND(H46 >= 2.55, H46 < 4.7), 2, AND(H46 >= 4.7, H46 < 8.4), 3, AND(H46 >= 8.4, H46 <= 36), 4), F46 = "WR", _xludf.IFS( AND(H46 >= 0, H46 < 2.55), 1, AND(H46 >= 2.55, H46 < 4.2), 2, AND(H46 >= 4.2, H46 < 8.55), 3, AND(H46 >= 8.55, H46 <= 24.4), 4), F46 = "QB", _xludf.IFS( AND(H46 >= 0, H46 < 2.95), 1, AND(H46 >= 2.95, H46 < 5.4), 2, AND(H46 >= 5.4, H46 < 7.2), 3, AND(H46 >= 7.2, H46 <= 12.3), 4), F46 = "TE", _xludf.IFS( AND(H46 >= 0, H46 < 3), 1, AND(H46 >= 3, H46 < 4.8), 2, AND(H46 >= 4.8, H46 < 8.525), 3, AND(H46 >= 8.525, H46 <= 24.6), 4) )
C46: =IF(COUNTIF(Keeper!B:B,D46)>0,"x","") | D46: =Fantasypro!C43 | E46: =Fantasypro!D43 | F46: =Fantasypro!K43 | G46: =Fantasypro!H43 | H46: =Fantasypro!I43 | I46: =_xludf.IFS( F47 = "RB", _xludf.IFS( AND(H47 >= 0, H47 < 2.55), 1, AND(H47 >= 2.55, H47 < 4.7), 2, AND(H47 >= 4.7, H47 < 8.4), 3, AND(H47 >= 8.4, H47 <= 36), 4), F47 = "WR", _xludf.IFS( AND(H47 >= 0, H47 < 2.55), 1, AND(H47 >= 2.55, H47 < 4.2), 2, AND(H47 >= 4.2, H47 < 8.55), 3, AND(H47 >= 8.55, H47 <= 24.4), 4), F47 = "QB", _xludf.IFS( AND(H47 >= 0, H47 < 2.95), 1, AND(H47 >= 2.95, H47 < 5.4), 2, AND(H47 >= 5.4, H47 < 7.2), 3, AND(H47 >= 7.2, H47 <= 12.3), 4), F47 = "TE", _xludf.IFS( AND(H47 >= 0, H47 < 3), 1, AND(H47 >= 3, H47 < 4.8), 2, AND(H47 >= 4.8, H47 < 8.525), 3, AND(H47 >= 8.525, H47 <= 24.6), 4) )
C47: =IF(COUNTIF(Keeper!B:B,D47)>0,"x","") | D47: =Fantasypro!C44 | E47: =Fantasypro!D44 | F47: =Fantasypro!K44 | G47: =Fantasypro!H44 | H47: =Fantasypro!I44 | I47: =_xludf.IFS( F48 = "RB", _xludf.IFS( AND(H48 >= 0, H48 < 2.55), 1, AND(H48 >= 2.55, H48 < 4.7), 2, AND(H48 >= 4.7, H48 < 8.4), 3, AND(H48 >= 8.4, H48 <= 36), 4), F48 = "WR", _xludf.IFS( AND(H48 >= 0, H48 < 2.55), 1, AND(H48 >= 2.55, H48 < 4.2), 2, AND(H48 >= 4.2, H48 < 8.55), 3, AND(H48 >= 8.55, H48 <= 24.4), 4), F48 = "QB", _xludf.IFS( AND(H48 >= 0, H48 < 2.95), 1, AND(H48 >= 2.95, H48 < 5.4), 2, AND(H48 >= 5.4, H48 < 7.2), 3, AND(H48 >= 7.2, H48 <= 12.3), 4), F48 = "TE", _xludf.IFS( AND(H48 >= 0, H48 < 3), 1, AND(H48 >= 3, H48 < 4.8), 2, AND(H48 >= 4.8, H48 < 8.525), 3, AND(H48 >= 8.525, H48 <= 24.6), 4) )
C48: =IF(COUNTIF(Keeper!B:B,D48)>0,"x","") | D48: =Fantasypro!C45 | E48: =Fantasypro!D45 | F48: =Fantasypro!K45 | G48: =Fantasypro!H45 | H48: =Fantasypro!I45 | I48: =_xludf.IFS( F49 = "RB", _xludf.IFS( AND(H49 >= 0, H49 < 2.55), 1, AND(H49 >= 2.55, H49 < 4.7), 2, AND(H49 >= 4.7, H49 < 8.4), 3, AND(H49 >= 8.4, H49 <= 36), 4), F49 = "WR", _xludf.IFS( AND(H49 >= 0, H49 < 2.55), 1, AND(H49 >= 2.55, H49 < 4.2), 2, AND(H49 >= 4.2, H49 < 8.55), 3, AND(H49 >= 8.55, H49 <= 24.4), 4), F49 = "QB", _xludf.IFS( AND(H49 >= 0, H49 < 2.95), 1, AND(H49 >= 2.95, H49 < 5.4), 2, AND(H49 >= 5.4, H49 < 7.2), 3, AND(H49 >= 7.2, H49 <= 12.3), 4), F49 = "TE", _xludf.IFS( AND(H49 >= 0, H49 < 3), 1, AND(H49 >= 3, H49 < 4.8), 2, AND(H49 >= 4.8, H49 < 8.525), 3, AND(H49 >= 8.525, H49 <= 24.6), 4) )
C49: =IF(COUNTIF(Keeper!B:B,D49)>0,"x","") | D49: =Fantasypro!C46 | E49: =Fantasypro!D46 | F49: =Fantasypro!K46 | G49: =Fantasypro!H46 | H49: =Fantasypro!I46 | I49: =_xludf.IFS( F50 = "RB", _xludf.IFS( AND(H50 >= 0, H50 < 2.55), 1, AND(H50 >= 2.55, H50 < 4.7), 2, AND(H50 >= 4.7, H50 < 8.4), 3, AND(H50 >= 8.4, H50 <= 36), 4), F50 = "WR", _xludf.IFS( AND(H50 >= 0, H50 < 2.55), 1, AND(H50 >= 2.55, H50 < 4.2), 2, AND(H50 >= 4.2, H50 < 8.55), 3, AND(H50 >= 8.55, H50 <= 24.4), 4), F50 = "QB", _xludf.IFS( AND(H50 >= 0, H50 < 2.95), 1, AND(H50 >= 2.95, H50 < 5.4), 2, AND(H50 >= 5.4, H50 < 7.2), 3, AND(H50 >= 7.2, H50 <= 12.3), 4), F50 = "TE", _xludf.IFS( AND(H50 >= 0, H50 < 3), 1, AND(H50 >= 3, H50 < 4.8), 2, AND(H50 >= 4.8, H50 < 8.525), 3, AND(H50 >= 8.525, H50 <= 24.6), 4) )
C50: =IF(COUNTIF(Keeper!B:B,D50)>0,"x","") | D50: =Fantasypro!C47 | E50: =Fantasypro!D47 | F50: =Fantasypro!K47 | G50: =Fantasypro!H47 | H50: =Fantasypro!I47 | I50: =_xludf.IFS( F51 = "RB", _xludf.IFS( AND(H51 >= 0, H51 < 2.55), 1, AND(H51 >= 2.55, H51 < 4.7), 2, AND(H51 >= 4.7, H51 < 8.4), 3, AND(H51 >= 8.4, H51 <= 36), 4), F51 = "WR", _xludf.IFS( AND(H51 >= 0, H51 < 2.55), 1, AND(H51 >= 2.55, H51 < 4.2), 2, AND(H51 >= 4.2, H51 < 8.55), 3, AND(H51 >= 8.55, H51 <= 24.4), 4), F51 = "QB", _xludf.IFS( AND(H51 >= 0, H51 < 2.95), 1, AND(H51 >= 2.95, H51 < 5.4), 2, AND(H51 >= 5.4, H51 < 7.2), 3, AND(H51 >= 7.2, H51 <= 12.3), 4), F51 = "TE", _xludf.IFS( AND(H51 >= 0, H51 < 3), 1, AND(H51 >= 3, H51 < 4.8), 2, AND(H51 >= 4.8, H51 < 8.525), 3, AND(H51 >= 8.525, H51 <= 24.6), 4) )
C51: =IF(COUNTIF(Keeper!B:B,D51)>0,"x","") | D51: =Fantasypro!C48 | E51: =Fantasypro!D48 | F51: =Fantasypro!K48 | G51: =Fantasypro!H48 | H51: =Fantasypro!I48 | I51: =_xludf.IFS( F52 = "RB", _xludf.IFS( AND(H52 >= 0, H52 < 2.55), 1, AND(H52 >= 2.55, H52 < 4.7), 2, AND(H52 >= 4.7, H52 < 8.4), 3, AND(H52 >= 8.4, H52 <= 36), 4), F52 = "WR", _xludf.IFS( AND(H52 >= 0, H52 < 2.55), 1, AND(H52 >= 2.55, H52 < 4.2), 2, AND(H52 >= 4.2, H52 < 8.55), 3, AND(H52 >= 8.55, H52 <= 24.4), 4), F52 = "QB", _xludf.IFS( AND(H52 >= 0, H52 < 2.95), 1, AND(H52 >= 2.95, H52 < 5.4), 2, AND(H52 >= 5.4, H52 < 7.2), 3, AND(H52 >= 7.2, H52 <= 12.3), 4), F52 = "TE", _xludf.IFS( AND(H52 >= 0, H52 < 3), 1, AND(H52 >= 3, H52 < 4.8), 2, AND(H52 >= 4.8, H52 < 8.525), 3, AND(H52 >= 8.525, H52 <= 24.6), 4) )
C52: =IF(COUNTIF(Keeper!B:B,D52)>0,"x","") | D52: =Fantasypro!C49 | E52: =Fantasypro!D49 | F52: =Fantasypro!K49 | G52: =Fantasypro!H49 | H52: =Fantasypro!I49 | I52: =_xludf.IFS( F53 = "RB", _xludf.IFS( AND(H53 >= 0, H53 < 2.55), 1, AND(H53 >= 2.55, H53 < 4.7), 2, AND(H53 >= 4.7, H53 < 8.4), 3, AND(H53 >= 8.4, H53 <= 36), 4), F53 = "WR", _xludf.IFS( AND(H53 >= 0, H53 < 2.55), 1, AND(H53 >= 2.55, H53 < 4.2), 2, AND(H53 >= 4.2, H53 < 8.55), 3, AND(H53 >= 8.55, H53 <= 24.4), 4), F53 = "QB", _xludf.IFS( AND(H53 >= 0, H53 < 2.95), 1, AND(H53 >= 2.95, H53 < 5.4), 2, AND(H53 >= 5.4, H53 < 7.2), 3, AND(H53 >= 7.2, H53 <= 12.3), 4), F53 = "TE", _xludf.IFS( AND(H53 >= 0, H53 < 3), 1, AND(H53 >= 3, H53 < 4.8), 2, AND(H53 >= 4.8, H53 < 8.525), 3, AND(H53 >= 8.525, H53 <= 24.6), 4) )
C53: =IF(COUNTIF(Keeper!B:B,D53)>0,"x","") | D53: =Fantasypro!C50 | E53: =Fantasypro!D50 | F53: =Fantasypro!K50 | G53: =Fantasypro!H50 | H53: =Fantasypro!I50 | I53: =_xludf.IFS( F54 = "RB", _xludf.IFS( AND(H54 >= 0, H54 < 2.55), 1, AND(H54 >= 2.55, H54 < 4.7), 2, AND(H54 >= 4.7, H54 < 8.4), 3, AND(H54 >= 8.4, H54 <= 36), 4), F54 = "WR", _xludf.IFS( AND(H54 >= 0, H54 < 2.55), 1, AND(H54 >= 2.55, H54 < 4.2), 2, AND(H54 >= 4.2, H54 < 8.55), 3, AND(H54 >= 8.55, H54 <= 24.4), 4), F54 = "QB", _xludf.IFS( AND(H54 >= 0, H54 < 2.95), 1, AND(H54 >= 2.95, H54 < 5.4), 2, AND(H54 >= 5.4, H54 < 7.2), 3, AND(H54 >= 7.2, H54 <= 12.3), 4), F54 = "TE", _xludf.IFS( AND(H54 >= 0, H54 < 3), 1, AND(H54 >= 3, H54 < 4.8), 2, AND(H54 >= 4.8, H54 < 8.525), 3, AND(H54 >= 8.525, H54 <= 24.6), 4) )
A54: Trey Benson | C54: =IF(COUNTIF(Keeper!B:B,D54)>0,"x","") | D54: =Fantasypro!C51 | E54: =Fantasypro!D51 | F54: =Fantasypro!K51 | G54: =Fantasypro!H51 | H54: =Fantasypro!I51 | I54: =_xludf.IFS( F55 = "RB", _xludf.IFS( AND(H55 >= 0, H55 < 2.55), 1, AND(H55 >= 2.55, H55 < 4.7), 2, AND(H55 >= 4.7, H55 < 8.4), 3, AND(H55 >= 8.4, H55 <= 36), 4), F55 = "WR", _xludf.IFS( AND(H55 >= 0, H55 < 2.55), 1, AND(H55 >= 2.55, H55 < 4.2), 2, AND(H55 >= 4.2, H55 < 8.55), 3, AND(H55 >= 8.55, H55 <= 24.4), 4), F55 = "QB", _xludf.IFS( AND(H55 >= 0, H55 < 2.95), 1, AND(H55 >= 2.95, H55 < 5.4), 2, AND(H55 >= 5.4, H55 < 7.2), 3, AND(H55 >= 7.2, H55 <= 12.3), 4), F55 = "TE", _xludf.IFS( AND(H55 >= 0, H55 < 3), 1, AND(H55 >= 3, H55 < 4.8), 2, AND(H55 >= 4.8, H55 < 8.525), 3, AND(H55 >= 8.525, H55 <= 24.6), 4) )
C55: =IF(COUNTIF(Keeper!B:B,D55)>0,"x","") | D55: =Fantasypro!C52 | E55: =Fantasypro!D52 | F55: =Fantasypro!K52 | G55: =Fantasypro!H52 | H55: =Fantasypro!I52 | I55: =_xludf.IFS( F56 = "RB", _xludf.IFS( AND(H56 >= 0, H56 < 2.55), 1, AND(H56 >= 2.55, H56 < 4.7), 2, AND(H56 >= 4.7, H56 < 8.4), 3, AND(H56 >= 8.4, H56 <= 36), 4), F56 = "WR", _xludf.IFS( AND(H56 >= 0, H56 < 2.55), 1, AND(H56 >= 2.55, H56 < 4.2), 2, AND(H56 >= 4.2, H56 < 8.55), 3, AND(H56 >= 8.55, H56 <= 24.4), 4), F56 = "QB", _xludf.IFS( AND(H56 >= 0, H56 < 2.95), 1, AND(H56 >= 2.95, H56 < 5.4), 2, AND(H56 >= 5.4, H56 < 7.2), 3, AND(H56 >= 7.2, H56 <= 12.3), 4), F56 = "TE", _xludf.IFS( AND(H56 >= 0, H56 < 3), 1, AND(H56 >= 3, H56 < 4.8), 2, AND(H56 >= 4.8, H56 < 8.525), 3, AND(H56 >= 8.525, H56 <= 24.6), 4) )
C56: =IF(COUNTIF(Keeper!B:B,D56)>0,"x","") | D56: =Fantasypro!C53 | E56: =Fantasypro!D53 | F56: =Fantasypro!K53 | G56: =Fantasypro!H53 | H56: =Fantasypro!I53 | I56: =_xludf.IFS( F57 = "RB", _xludf.IFS( AND(H57 >= 0, H57 < 2.55), 1, AND(H57 >= 2.55, H57 < 4.7), 2, AND(H57 >= 4.7, H57 < 8.4), 3, AND(H57 >= 8.4, H57 <= 36), 4), F57 = "WR", _xludf.IFS( AND(H57 >= 0, H57 < 2.55), 1, AND(H57 >= 2.55, H57 < 4.2), 2, AND(H57 >= 4.2, H57 < 8.55), 3, AND(H57 >= 8.55, H57 <= 24.4), 4), F57 = "QB", _xludf.IFS( AND(H57 >= 0, H57 < 2.95), 1, AND(H57 >= 2.95, H57 < 5.4), 2, AND(H57 >= 5.4, H57 < 7.2), 3, AND(H57 >= 7.2, H57 <= 12.3), 4), F57 = "TE", _xludf.IFS( AND(H57 >= 0, H57 < 3), 1, AND(H57 >= 3, H57 < 4.8), 2, AND(H57 >= 4.8, H57 < 8.525), 3, AND(H57 >= 8.525, H57 <= 24.6), 4) )
C57: =IF(COUNTIF(Keeper!B:B,D57)>0,"x","") | D57: =Fantasypro!C54 | E57: =Fantasypro!D54 | F57: =Fantasypro!K54 | G57: =Fantasypro!H54 | H57: =Fantasypro!I54 | I57: =_xludf.IFS( F58 = "RB", _xludf.IFS( AND(H58 >= 0, H58 < 2.55), 1, AND(H58 >= 2.55, H58 < 4.7), 2, AND(H58 >= 4.7, H58 < 8.4), 3, AND(H58 >= 8.4, H58 <= 36), 4), F58 = "WR", _xludf.IFS( AND(H58 >= 0, H58 < 2.55), 1, AND(H58 >= 2.55, H58 < 4.2), 2, AND(H58 >= 4.2, H58 < 8.55), 3, AND(H58 >= 8.55, H58 <= 24.4), 4), F58 = "QB", _xludf.IFS( AND(H58 >= 0, H58 < 2.95), 1, AND(H58 >= 2.95, H58 < 5.4), 2, AND(H58 >= 5.4, H58 < 7.2), 3, AND(H58 >= 7.2, H58 <= 12.3), 4), F58 = "TE", _xludf.IFS( AND(H58 >= 0, H58 < 3), 1, AND(H58 >= 3, H58 < 4.8), 2, AND(H58 >= 4.8, H58 < 8.525), 3, AND(H58 >= 8.525, H58 <= 24.6), 4) )
C58: =IF(COUNTIF(Keeper!B:B,D58)>0,"x","") | D58: =Fantasypro!C55 | E58: =Fantasypro!D55 | F58: =Fantasypro!K55 | G58: =Fantasypro!H55 | H58: =Fantasypro!I55 | I58: =_xludf.IFS( F59 = "RB", _xludf.IFS( AND(H59 >= 0, H59 < 2.55), 1, AND(H59 >= 2.55, H59 < 4.7), 2, AND(H59 >= 4.7, H59 < 8.4), 3, AND(H59 >= 8.4, H59 <= 36), 4), F59 = "WR", _xludf.IFS( AND(H59 >= 0, H59 < 2.55), 1, AND(H59 >= 2.55, H59 < 4.2), 2, AND(H59 >= 4.2, H59 < 8.55), 3, AND(H59 >= 8.55, H59 <= 24.4), 4), F59 = "QB", _xludf.IFS( AND(H59 >= 0, H59 < 2.95), 1, AND(H59 >= 2.95, H59 < 5.4), 2, AND(H59 >= 5.4, H59 < 7.2), 3, AND(H59 >= 7.2, H59 <= 12.3), 4), F59 = "TE", _xludf.IFS( AND(H59 >= 0, H59 < 3), 1, AND(H59 >= 3, H59 < 4.8), 2, AND(H59 >= 4.8, H59 < 8.525), 3, AND(H59 >= 8.525, H59 <= 24.6), 4) )
C59: =IF(COUNTIF(Keeper!B:B,D59)>0,"x","") | D59: =Fantasypro!C56 | E59: =Fantasypro!D56 | F59: =Fantasypro!K56 | G59: =Fantasypro!H56 | H59: =Fantasypro!I56 | I59: =_xludf.IFS( F60 = "RB", _xludf.IFS( AND(H60 >= 0, H60 < 2.55), 1, AND(H60 >= 2.55, H60 < 4.7), 2, AND(H60 >= 4.7, H60 < 8.4), 3, AND(H60 >= 8.4, H60 <= 36), 4), F60 = "WR", _xludf.IFS( AND(H60 >= 0, H60 < 2.55), 1, AND(H60 >= 2.55, H60 < 4.2), 2, AND(H60 >= 4.2, H60 < 8.55), 3, AND(H60 >= 8.55, H60 <= 24.4), 4), F60 = "QB", _xludf.IFS( AND(H60 >= 0, H60 < 2.95), 1, AND(H60 >= 2.95, H60 < 5.4), 2, AND(H60 >= 5.4, H60 < 7.2), 3, AND(H60 >= 7.2, H60 <= 12.3), 4), F60 = "TE", _xludf.IFS( AND(H60 >= 0, H60 < 3), 1, AND(H60 >= 3, H60 < 4.8), 2, AND(H60 >= 4.8, H60 < 8.525), 3, AND(H60 >= 8.525, H60 <= 24.6), 4) )
C60: =IF(COUNTIF(Keeper!B:B,D60)>0,"x","") | D60: =Fantasypro!C57 | E60: =Fantasypro!D57 | F60: =Fantasypro!K57 | G60: =Fantasypro!H57 | H60: =Fantasypro!I57 | I60: =_xludf.IFS( F61 = "RB", _xludf.IFS( AND(H61 >= 0, H61 < 2.55), 1, AND(H61 >= 2.55, H61 < 4.7), 2, AND(H61 >= 4.7, H61 < 8.4), 3, AND(H61 >= 8.4, H61 <= 36), 4), F61 = "WR", _xludf.IFS( AND(H61 >= 0, H61 < 2.55), 1, AND(H61 >= 2.55, H61 < 4.2), 2, AND(H61 >= 4.2, H61 < 8.55), 3, AND(H61 >= 8.55, H61 <= 24.4), 4), F61 = "QB", _xludf.IFS( AND(H61 >= 0, H61 < 2.95), 1, AND(H61 >= 2.95, H61 < 5.4), 2, AND(H61 >= 5.4, H61 < 7.2), 3, AND(H61 >= 7.2, H61 <= 12.3), 4), F61 = "TE", _xludf.IFS( AND(H61 >= 0, H61 < 3), 1, AND(H61 >= 3, H61 < 4.8), 2, AND(H61 >= 4.8, H61 < 8.525), 3, AND(H61 >= 8.525, H61 <= 24.6), 4) )
A61: J.K. Dobbins | C61: =IF(COUNTIF(Keeper!B:B,D61)>0,"x","") | D61: =Fantasypro!C58 | E61: =Fantasypro!D58 | F61: =Fantasypro!K58 | G61: =Fantasypro!H58 | H61: =Fantasypro!I58 | I61: =_xludf.IFS( F62 = "RB", _xludf.IFS( AND(H62 >= 0, H62 < 2.55), 1, AND(H62 >= 2.55, H62 < 4.7), 2, AND(H62 >= 4.7, H62 < 8.4), 3, AND(H62 >= 8.4, H62 <= 36), 4), F62 = "WR", _xludf.IFS( AND(H62 >= 0, H62 < 2.55), 1, AND(H62 >= 2.55, H62 < 4.2), 2, AND(H62 >= 4.2, H62 < 8.55), 3, AND(H62 >= 8.55, H62 <= 24.4), 4), F62 = "QB", _xludf.IFS( AND(H62 >= 0, H62 < 2.95), 1, AND(H62 >= 2.95, H62 < 5.4), 2, AND(H62 >= 5.4, H62 < 7.2), 3, AND(H62 >= 7.2, H62 <= 12.3), 4), F62 = "TE", _xludf.IFS( AND(H62 >= 0, H62 < 3), 1, AND(H62 >= 3, H62 < 4.8), 2, AND(H62 >= 4.8, H62 < 8.525), 3, AND(H62 >= 8.525, H62 <= 24.6), 4) )
C62: =IF(COUNTIF(Keeper!B:B,D62)>0,"x","") | D62: =Fantasypro!C59 | E62: =Fantasypro!D59 | F62: =Fantasypro!K59 | G62: =Fantasypro!H59 | H62: =Fantasypro!I59 | I62: =_xludf.IFS( F63 = "RB", _xludf.IFS( AND(H63 >= 0, H63 < 2.55), 1, AND(H63 >= 2.55, H63 < 4.7), 2, AND(H63 >= 4.7, H63 < 8.4), 3, AND(H63 >= 8.4, H63 <= 36), 4), F63 = "WR", _xludf.IFS( AND(H63 >= 0, H63 < 2.55), 1, AND(H63 >= 2.55, H63 < 4.2), 2, AND(H63 >= 4.2, H63 < 8.55), 3, AND(H63 >= 8.55, H63 <= 24.4), 4), F63 = "QB", _xludf.IFS( AND(H63 >= 0, H63 < 2.95), 1, AND(H63 >= 2.95, H63 < 5.4), 2, AND(H63 >= 5.4, H63 < 7.2), 3, AND(H63 >= 7.2, H63 <= 12.3), 4), F63 = "TE", _xludf.IFS( AND(H63 >= 0, H63 < 3), 1, AND(H63 >= 3, H63 < 4.8), 2, AND(H63 >= 4.8, H63 < 8.525), 3, AND(H63 >= 8.525, H63 <= 24.6), 4) )
C63: =IF(COUNTIF(Keeper!B:B,D63)>0,"x","") | D63: =Fantasypro!C60 | E63: =Fantasypro!D60 | F63: =Fantasypro!K60 | G63: =Fantasypro!H60 | H63: =Fantasypro!I60 | I63: =_xludf.IFS( F64 = "RB", _xludf.IFS( AND(H64 >= 0, H64 < 2.55), 1, AND(H64 >= 2.55, H64 < 4.7), 2, AND(H64 >= 4.7, H64 < 8.4), 3, AND(H64 >= 8.4, H64 <= 36), 4), F64 = "WR", _xludf.IFS( AND(H64 >= 0, H64 < 2.55), 1, AND(H64 >= 2.55, H64 < 4.2), 2, AND(H64 >= 4.2, H64 < 8.55), 3, AND(H64 >= 8.55, H64 <= 24.4), 4), F64 = "QB", _xludf.IFS( AND(H64 >= 0, H64 < 2.95), 1, AND(H64 >= 2.95, H64 < 5.4), 2, AND(H64 >= 5.4, H64 < 7.2), 3, AND(H64 >= 7.2, H64 <= 12.3), 4), F64 = "TE", _xludf.IFS( AND(H64 >= 0, H64 < 3), 1, AND(H64 >= 3, H64 < 4.8), 2, AND(H64 >= 4.8, H64 < 8.525), 3, AND(H64 >= 8.525, H64 <= 24.6), 4) )
C64: =IF(COUNTIF(Keeper!B:B,D64)>0,"x","") | D64: =Fantasypro!C61 | E64: =Fantasypro!D61 | F64: =Fantasypro!K61 | G64: =Fantasypro!H61 | H64: =Fantasypro!I61 | I64: =_xludf.IFS( F65 = "RB", _xludf.IFS( AND(H65 >= 0, H65 < 2.55), 1, AND(H65 >= 2.55, H65 < 4.7), 2, AND(H65 >= 4.7, H65 < 8.4), 3, AND(H65 >= 8.4, H65 <= 36), 4), F65 = "WR", _xludf.IFS( AND(H65 >= 0, H65 < 2.55), 1, AND(H65 >= 2.55, H65 < 4.2), 2, AND(H65 >= 4.2, H65 < 8.55), 3, AND(H65 >= 8.55, H65 <= 24.4), 4), F65 = "QB", _xludf.IFS( AND(H65 >= 0, H65 < 2.95), 1, AND(H65 >= 2.95, H65 < 5.4), 2, AND(H65 >= 5.4, H65 < 7.2), 3, AND(H65 >= 7.2, H65 <= 12.3), 4), F65 = "TE", _xludf.IFS( AND(H65 >= 0, H65 < 3), 1, AND(H65 >= 3, H65 < 4.8), 2, AND(H65 >= 4.8, H65 < 8.525), 3, AND(H65 >= 8.525, H65 <= 24.6), 4) )
C65: =IF(COUNTIF(Keeper!B:B,D65)>0,"x","") | D65: =Fantasypro!C62 | E65: =Fantasypro!D62 | F65: =Fantasypro!K62 | G65: =Fantasypro!H62 | H65: =Fantasypro!I62 | I65: =_xludf.IFS( F66 = "RB", _xludf.IFS( AND(H66 >= 0, H66 < 2.55), 1, AND(H66 >= 2.55, H66 < 4.7), 2, AND(H66 >= 4.7, H66 < 8.4), 3, AND(H66 >= 8.4, H66 <= 36), 4), F66 = "WR", _xludf.IFS( AND(H66 >= 0, H66 < 2.55), 1, AND(H66 >= 2.55, H66 < 4.2), 2, AND(H66 >= 4.2, H66 < 8.55), 3, AND(H66 >= 8.55, H66 <= 24.4), 4), F66 = "QB", _xludf.IFS( AND(H66 >= 0, H66 < 2.95), 1, AND(H66 >= 2.95, H66 < 5.4), 2, AND(H66 >= 5.4, H66 < 7.2), 3, AND(H66 >= 7.2, H66 <= 12.3), 4), F66 = "TE", _xludf.IFS( AND(H66 >= 0, H66 < 3), 1, AND(H66 >= 3, H66 < 4.8), 2, AND(H66 >= 4.8, H66 < 8.525), 3, AND(H66 >= 8.525, H66 <= 24.6), 4) )
C66: =IF(COUNTIF(Keeper!B:B,D66)>0,"x","") | D66: =Fantasypro!C63 | E66: =Fantasypro!D63 | F66: =Fantasypro!K63 | G66: =Fantasypro!H63 | H66: =Fantasypro!I63 | I66: =_xludf.IFS( F67 = "RB", _xludf.IFS( AND(H67 >= 0, H67 < 2.55), 1, AND(H67 >= 2.55, H67 < 4.7), 2, AND(H67 >= 4.7, H67 < 8.4), 3, AND(H67 >= 8.4, H67 <= 36), 4), F67 = "WR", _xludf.IFS( AND(H67 >= 0, H67 < 2.55), 1, AND(H67 >= 2.55, H67 < 4.2), 2, AND(H67 >= 4.2, H67 < 8.55), 3, AND(H67 >= 8.55, H67 <= 24.4), 4), F67 = "QB", _xludf.IFS( AND(H67 >= 0, H67 < 2.95), 1, AND(H67 >= 2.95, H67 < 5.4), 2, AND(H67 >= 5.4, H67 < 7.2), 3, AND(H67 >= 7.2, H67 <= 12.3), 4), F67 = "TE", _xludf.IFS( AND(H67 >= 0, H67 < 3), 1, AND(H67 >= 3, H67 < 4.8), 2, AND(H67 >= 4.8, H67 < 8.525), 3, AND(H67 >= 8.525, H67 <= 24.6), 4) )
C67: =IF(COUNTIF(Keeper!B:B,D67)>0,"x","") | D67: =Fantasypro!C64 | E67: =Fantasypro!D64 | F67: =Fantasypro!K64 | G67: =Fantasypro!H64 | H67: =Fantasypro!I64 | I67: =_xludf.IFS( F68 = "RB", _xludf.IFS( AND(H68 >= 0, H68 < 2.55), 1, AND(H68 >= 2.55, H68 < 4.7), 2, AND(H68 >= 4.7, H68 < 8.4), 3, AND(H68 >= 8.4, H68 <= 36), 4), F68 = "WR", _xludf.IFS( AND(H68 >= 0, H68 < 2.55), 1, AND(H68 >= 2.55, H68 < 4.2), 2, AND(H68 >= 4.2, H68 < 8.55), 3, AND(H68 >= 8.55, H68 <= 24.4), 4), F68 = "QB", _xludf.IFS( AND(H68 >= 0, H68 < 2.95), 1, AND(H68 >= 2.95, H68 < 5.4), 2, AND(H68 >= 5.4, H68 < 7.2), 3, AND(H68 >= 7.2, H68 <= 12.3), 4), F68 = "TE", _xludf.IFS( AND(H68 >= 0, H68 < 3), 1, AND(H68 >= 3, H68 < 4.8), 2, AND(H68 >= 4.8, H68 < 8.525), 3, AND(H68 >= 8.525, H68 <= 24.6), 4) )
C68: =IF(COUNTIF(Keeper!B:B,D68)>0,"x","") | D68: =Fantasypro!C65 | E68: =Fantasypro!D65 | F68: =Fantasypro!K65 | G68: =Fantasypro!H65 | H68: =Fantasypro!I65 | I68: =_xludf.IFS( F69 = "RB", _xludf.IFS( AND(H69 >= 0, H69 < 2.55), 1, AND(H69 >= 2.55, H69 < 4.7), 2, AND(H69 >= 4.7, H69 < 8.4), 3, AND(H69 >= 8.4, H69 <= 36), 4), F69 = "WR", _xludf.IFS( AND(H69 >= 0, H69 < 2.55), 1, AND(H69 >= 2.55, H69 < 4.2), 2, AND(H69 >= 4.2, H69 < 8.55), 3, AND(H69 >= 8.55, H69 <= 24.4), 4), F69 = "QB", _xludf.IFS( AND(H69 >= 0, H69 < 2.95), 1, AND(H69 >= 2.95, H69 < 5.4), 2, AND(H69 >= 5.4, H69 < 7.2), 3, AND(H69 >= 7.2, H69 <= 12.3), 4), F69 = "TE", _xludf.IFS( AND(H69 >= 0, H69 < 3), 1, AND(H69 >= 3, H69 < 4.8), 2, AND(H69 >= 4.8, H69 < 8.525), 3, AND(H69 >= 8.525, H69 <= 24.6), 4) )
C69: =IF(COUNTIF(Keeper!B:B,D69)>0,"x","") | D69: =Fantasypro!C66 | E69: =Fantasypro!D66 | F69: =Fantasypro!K66 | G69: =Fantasypro!H66 | H69: =Fantasypro!I66 | I69: =_xludf.IFS( F70 = "RB", _xludf.IFS( AND(H70 >= 0, H70 < 2.55), 1, AND(H70 >= 2.55, H70 < 4.7), 2, AND(H70 >= 4.7, H70 < 8.4), 3, AND(H70 >= 8.4, H70 <= 36), 4), F70 = "WR", _xludf.IFS( AND(H70 >= 0, H70 < 2.55), 1, AND(H70 >= 2.55, H70 < 4.2), 2, AND(H70 >= 4.2, H70 < 8.55), 3, AND(H70 >= 8.55, H70 <= 24.4), 4), F70 = "QB", _xludf.IFS( AND(H70 >= 0, H70 < 2.95), 1, AND(H70 >= 2.95, H70 < 5.4), 2, AND(H70 >= 5.4, H70 < 7.2), 3, AND(H70 >= 7.2, H70 <= 12.3), 4), F70 = "TE", _xludf.IFS( AND(H70 >= 0, H70 < 3), 1, AND(H70 >= 3, H70 < 4.8), 2, AND(H70 >= 4.8, H70 < 8.525), 3, AND(H70 >= 8.525, H70 <= 24.6), 4) )
A70: Jordan Mason | C70: =IF(COUNTIF(Keeper!B:B,D70)>0,"x","") | D70: =Fantasypro!C67 | E70: =Fantasypro!D67 | F70: =Fantasypro!K67 | G70: =Fantasypro!H67 | H70: =Fantasypro!I67 | I70: =_xludf.IFS( F71 = "RB", _xludf.IFS( AND(H71 >= 0, H71 < 2.55), 1, AND(H71 >= 2.55, H71 < 4.7), 2, AND(H71 >= 4.7, H71 < 8.4), 3, AND(H71 >= 8.4, H71 <= 36), 4), F71 = "WR", _xludf.IFS( AND(H71 >= 0, H71 < 2.55), 1, AND(H71 >= 2.55, H71 < 4.2), 2, AND(H71 >= 4.2, H71 < 8.55), 3, AND(H71 >= 8.55, H71 <= 24.4), 4), F71 = "QB", _xludf.IFS( AND(H71 >= 0, H71 < 2.95), 1, AND(H71 >= 2.95, H71 < 5.4), 2, AND(H71 >= 5.4, H71 < 7.2), 3, AND(H71 >= 7.2, H71 <= 12.3), 4), F71 = "TE", _xludf.IFS( AND(H71 >= 0, H71 < 3), 1, AND(H71 >= 3, H71 < 4.8), 2, AND(H71 >= 4.8, H71 < 8.525), 3, AND(H71 >= 8.525, H71 <= 24.6), 4) )
C71: =IF(COUNTIF(Keeper!B:B,D71)>0,"x","") | D71: =Fantasypro!C68 | E71: =Fantasypro!D68 | F71: =Fantasypro!K68 | G71: =Fantasypro!H68 | H71: =Fantasypro!I68 | I71: =_xludf.IFS( F72 = "RB", _xludf.IFS( AND(H72 >= 0, H72 < 2.55), 1, AND(H72 >= 2.55, H72 < 4.7), 2, AND(H72 >= 4.7, H72 < 8.4), 3, AND(H72 >= 8.4, H72 <= 36), 4), F72 = "WR", _xludf.IFS( AND(H72 >= 0, H72 < 2.55), 1, AND(H72 >= 2.55, H72 < 4.2), 2, AND(H72 >= 4.2, H72 < 8.55), 3, AND(H72 >= 8.55, H72 <= 24.4), 4), F72 = "QB", _xludf.IFS( AND(H72 >= 0, H72 < 2.95), 1, AND(H72 >= 2.95, H72 < 5.4), 2, AND(H72 >= 5.4, H72 < 7.2), 3, AND(H72 >= 7.2, H72 <= 12.3), 4), F72 = "TE", _xludf.IFS( AND(H72 >= 0, H72 < 3), 1, AND(H72 >= 3, H72 < 4.8), 2, AND(H72 >= 4.8, H72 < 8.525), 3, AND(H72 >= 8.525, H72 <= 24.6), 4) )
C72: =IF(COUNTIF(Keeper!B:B,D72)>0,"x","") | D72: =Fantasypro!C69 | E72: =Fantasypro!D69 | F72: =Fantasypro!K69 | G72: =Fantasypro!H69 | H72: =Fantasypro!I69 | I72: =_xludf.IFS( F73 = "RB", _xludf.IFS( AND(H73 >= 0, H73 < 2.55), 1, AND(H73 >= 2.55, H73 < 4.7), 2, AND(H73 >= 4.7, H73 < 8.4), 3, AND(H73 >= 8.4, H73 <= 36), 4), F73 = "WR", _xludf.IFS( AND(H73 >= 0, H73 < 2.55), 1, AND(H73 >= 2.55, H73 < 4.2), 2, AND(H73 >= 4.2, H73 < 8.55), 3, AND(H73 >= 8.55, H73 <= 24.4), 4), F73 = "QB", _xludf.IFS( AND(H73 >= 0, H73 < 2.95), 1, AND(H73 >= 2.95, H73 < 5.4), 2, AND(H73 >= 5.4, H73 < 7.2), 3, AND(H73 >= 7.2, H73 <= 12.3), 4), F73 = "TE", _xludf.IFS( AND(H73 >= 0, H73 < 3), 1, AND(H73 >= 3, H73 < 4.8), 2, AND(H73 >= 4.8, H73 < 8.525), 3, AND(H73 >= 8.525, H73 <= 24.6), 4) )
A73: Rhamondre Stevenson | C73: =IF(COUNTIF(Keeper!B:B,D73)>0,"x","") | D73: =Fantasypro!C70 | E73: =Fantasypro!D70 | F73: =Fantasypro!K70 | G73: =Fantasypro!H70 | H73: =Fantasypro!I70 | I73: =_xludf.IFS( F74 = "RB", _xludf.IFS( AND(H74 >= 0, H74 < 2.55), 1, AND(H74 >= 2.55, H74 < 4.7), 2, AND(H74 >= 4.7, H74 < 8.4), 3, AND(H74 >= 8.4, H74 <= 36), 4), F74 = "WR", _xludf.IFS( AND(H74 >= 0, H74 < 2.55), 1, AND(H74 >= 2.55, H74 < 4.2), 2, AND(H74 >= 4.2, H74 < 8.55), 3, AND(H74 >= 8.55, H74 <= 24.4), 4), F74 = "QB", _xludf.IFS( AND(H74 >= 0, H74 < 2.95), 1, AND(H74 >= 2.95, H74 < 5.4), 2, AND(H74 >= 5.4, H74 < 7.2), 3, AND(H74 >= 7.2, H74 <= 12.3), 4), F74 = "TE", _xludf.IFS( AND(H74 >= 0, H74 < 3), 1, AND(H74 >= 3, H74 < 4.8), 2, AND(H74 >= 4.8, H74 < 8.525), 3, AND(H74 >= 8.525, H74 <= 24.6), 4) )
C74: =IF(COUNTIF(Keeper!B:B,D74)>0,"x","") | D74: =Fantasypro!C71 | E74: =Fantasypro!D71 | F74: =Fantasypro!K71 | G74: =Fantasypro!H71 | H74: =Fantasypro!I71 | I74: =_xludf.IFS( F75 = "RB", _xludf.IFS( AND(H75 >= 0, H75 < 2.55), 1, AND(H75 >= 2.55, H75 < 4.7), 2, AND(H75 >= 4.7, H75 < 8.4), 3, AND(H75 >= 8.4, H75 <= 36), 4), F75 = "WR", _xludf.IFS( AND(H75 >= 0, H75 < 2.55), 1, AND(H75 >= 2.55, H75 < 4.2), 2, AND(H75 >= 4.2, H75 < 8.55), 3, AND(H75 >= 8.55, H75 <= 24.4), 4), F75 = "QB", _xludf.IFS( AND(H75 >= 0, H75 < 2.95), 1, AND(H75 >= 2.95, H75 < 5.4), 2, AND(H75 >= 5.4, H75 < 7.2), 3, AND(H75 >= 7.2, H75 <= 12.3), 4), F75 = "TE", _xludf.IFS( AND(H75 >= 0, H75 < 3), 1, AND(H75 >= 3, H75 < 4.8), 2, AND(H75 >= 4.8, H75 < 8.525), 3, AND(H75 >= 8.525, H75 <= 24.6), 4) )
A75: Tyjae Spears | C75: =IF(COUNTIF(Keeper!B:B,D75)>0,"x","") | D75: =Fantasypro!C72 | E75: =Fantasypro!D72 | F75: =Fantasypro!K72 | G75: =Fantasypro!H72 | H75: =Fantasypro!I72 | I75: =_xludf.IFS( F76 = "RB", _xludf.IFS( AND(H76 >= 0, H76 < 2.55), 1, AND(H76 >= 2.55, H76 < 4.7), 2, AND(H76 >= 4.7, H76 < 8.4), 3, AND(H76 >= 8.4, H76 <= 36), 4), F76 = "WR", _xludf.IFS( AND(H76 >= 0, H76 < 2.55), 1, AND(H76 >= 2.55, H76 < 4.2), 2, AND(H76 >= 4.2, H76 < 8.55), 3, AND(H76 >= 8.55, H76 <= 24.4), 4), F76 = "QB", _xludf.IFS( AND(H76 >= 0, H76 < 2.95), 1, AND(H76 >= 2.95, H76 < 5.4), 2, AND(H76 >= 5.4, H76 < 7.2), 3, AND(H76 >= 7.2, H76 <= 12.3), 4), F76 = "TE", _xludf.IFS( AND(H76 >= 0, H76 < 3), 1, AND(H76 >= 3, H76 < 4.8), 2, AND(H76 >= 4.8, H76 < 8.525), 3, AND(H76 >= 8.525, H76 <= 24.6), 4) )
C76: =IF(COUNTIF(Keeper!B:B,D76)>0,"x","") | D76: =Fantasypro!C73 | E76: =Fantasypro!D73 | F76: =Fantasypro!K73 | G76: =Fantasypro!H73 | H76: =Fantasypro!I73 | I76: =_xludf.IFS( F77 = "RB", _xludf.IFS( AND(H77 >= 0, H77 < 2.55), 1, AND(H77 >= 2.55, H77 < 4.7), 2, AND(H77 >= 4.7, H77 < 8.4), 3, AND(H77 >= 8.4, H77 <= 36), 4), F77 = "WR", _xludf.IFS( AND(H77 >= 0, H77 < 2.55), 1, AND(H77 >= 2.55, H77 < 4.2), 2, AND(H77 >= 4.2, H77 < 8.55), 3, AND(H77 >= 8.55, H77 <= 24.4), 4), F77 = "QB", _xludf.IFS( AND(H77 >= 0, H77 < 2.95), 1, AND(H77 >= 2.95, H77 < 5.4), 2, AND(H77 >= 5.4, H77 < 7.2), 3, AND(H77 >= 7.2, H77 <= 12.3), 4), F77 = "TE", _xludf.IFS( AND(H77 >= 0, H77 < 3), 1, AND(H77 >= 3, H77 < 4.8), 2, AND(H77 >= 4.8, H77 < 8.525), 3, AND(H77 >= 8.525, H77 <= 24.6), 4) )
C77: =IF(COUNTIF(Keeper!B:B,D77)>0,"x","") | D77: =Fantasypro!C74 | E77: =Fantasypro!D74 | F77: =Fantasypro!K74 | G77: =Fantasypro!H74 | H77: =Fantasypro!I74 | I77: =_xludf.IFS( F78 = "RB", _xludf.IFS( AND(H78 >= 0, H78 < 2.55), 1, AND(H78 >= 2.55, H78 < 4.7), 2, AND(H78 >= 4.7, H78 < 8.4), 3, AND(H78 >= 8.4, H78 <= 36), 4), F78 = "WR", _xludf.IFS( AND(H78 >= 0, H78 < 2.55), 1, AND(H78 >= 2.55, H78 < 4.2), 2, AND(H78 >= 4.2, H78 < 8.55), 3, AND(H78 >= 8.55, H78 <= 24.4), 4), F78 = "QB", _xludf.IFS( AND(H78 >= 0, H78 < 2.95), 1, AND(H78 >= 2.95, H78 < 5.4), 2, AND(H78 >= 5.4, H78 < 7.2), 3, AND(H78 >= 7.2, H78 <= 12.3), 4), F78 = "TE", _xludf.IFS( AND(H78 >= 0, H78 < 3), 1, AND(H78 >= 3, H78 < 4.8), 2, AND(H78 >= 4.8, H78 < 8.525), 3, AND(H78 >= 8.525, H78 <= 24.6), 4) )
C78: =IF(COUNTIF(Keeper!B:B,D78)>0,"x","") | D78: =Fantasypro!C75 | E78: =Fantasypro!D75 | F78: =Fantasypro!K75 | G78: =Fantasypro!H75 | H78: =Fantasypro!I75 | I78: =_xludf.IFS( F79 = "RB", _xludf.IFS( AND(H79 >= 0, H79 < 2.55), 1, AND(H79 >= 2.55, H79 < 4.7), 2, AND(H79 >= 4.7, H79 < 8.4), 3, AND(H79 >= 8.4, H79 <= 36), 4), F79 = "WR", _xludf.IFS( AND(H79 >= 0, H79 < 2.55), 1, AND(H79 >= 2.55, H79 < 4.2), 2, AND(H79 >= 4.2, H79 < 8.55), 3, AND(H79 >= 8.55, H79 <= 24.4), 4), F79 = "QB", _xludf.IFS( AND(H79 >= 0, H79 < 2.95), 1, AND(H79 >= 2.95, H79 < 5.4), 2, AND(H79 >= 5.4, H79 < 7.2), 3, AND(H79 >= 7.2, H79 <= 12.3), 4), F79 = "TE", _xludf.IFS( AND(H79 >= 0, H79 < 3), 1, AND(H79 >= 3, H79 < 4.8), 2, AND(H79 >= 4.8, H79 < 8.525), 3, AND(H79 >= 8.525, H79 <= 24.6), 4) )
A79: Roschon Johnson | C79: =IF(COUNTIF(Keeper!B:B,D79)>0,"x","") | D79: =Fantasypro!C76 | E79: =Fantasypro!D76 | F79: =Fantasypro!K76 | G79: =Fantasypro!H76 | H79: =Fantasypro!I76 | I79: =_xludf.IFS( F80 = "RB", _xludf.IFS( AND(H80 >= 0, H80 < 2.55), 1, AND(H80 >= 2.55, H80 < 4.7), 2, AND(H80 >= 4.7, H80 < 8.4), 3, AND(H80 >= 8.4, H80 <= 36), 4), F80 = "WR", _xludf.IFS( AND(H80 >= 0, H80 < 2.55), 1, AND(H80 >= 2.55, H80 < 4.2), 2, AND(H80 >= 4.2, H80 < 8.55), 3, AND(H80 >= 8.55, H80 <= 24.4), 4), F80 = "QB", _xludf.IFS( AND(H80 >= 0, H80 < 2.95), 1, AND(H80 >= 2.95, H80 < 5.4), 2, AND(H80 >= 5.4, H80 < 7.2), 3, AND(H80 >= 7.2, H80 <= 12.3), 4), F80 = "TE", _xludf.IFS( AND(H80 >= 0, H80 < 3), 1, AND(H80 >= 3, H80 < 4.8), 2, AND(H80 >= 4.8, H80 < 8.525), 3, AND(H80 >= 8.525, H80 <= 24.6), 4) )
C80: =IF(COUNTIF(Keeper!B:B,D80)>0,"x","") | D80: =Fantasypro!C77 | E80: =Fantasypro!D77 | F80: =Fantasypro!K77 | G80: =Fantasypro!H77 | H80: =Fantasypro!I77 | I80: =_xludf.IFS( F81 = "RB", _xludf.IFS( AND(H81 >= 0, H81 < 2.55), 1, AND(H81 >= 2.55, H81 < 4.7), 2, AND(H81 >= 4.7, H81 < 8.4), 3, AND(H81 >= 8.4, H81 <= 36), 4), F81 = "WR", _xludf.IFS( AND(H81 >= 0, H81 < 2.55), 1, AND(H81 >= 2.55, H81 < 4.2), 2, AND(H81 >= 4.2, H81 < 8.55), 3, AND(H81 >= 8.55, H81 <= 24.4), 4), F81 = "QB", _xludf.IFS( AND(H81 >= 0, H81 < 2.95), 1, AND(H81 >= 2.95, H81 < 5.4), 2, AND(H81 >= 5.4, H81 < 7.2), 3, AND(H81 >= 7.2, H81 <= 12.3), 4), F81 = "TE", _xludf.IFS( AND(H81 >= 0, H81 < 3), 1, AND(H81 >= 3, H81 < 4.8), 2, AND(H81 >= 4.8, H81 < 8.525), 3, AND(H81 >= 8.525, H81 <= 24.6), 4) )
C81: =IF(COUNTIF(Keeper!B:B,D81)>0,"x","") | D81: =Fantasypro!C78 | E81: =Fantasypro!D78 | F81: =Fantasypro!K78 | G81: =Fantasypro!H78 | H81: =Fantasypro!I78 | I81: =_xludf.IFS( F82 = "RB", _xludf.IFS( AND(H82 >= 0, H82 < 2.55), 1, AND(H82 >= 2.55, H82 < 4.7), 2, AND(H82 >= 4.7, H82 < 8.4), 3, AND(H82 >= 8.4, H82 <= 36), 4), F82 = "WR", _xludf.IFS( AND(H82 >= 0, H82 < 2.55), 1, AND(H82 >= 2.55, H82 < 4.2), 2, AND(H82 >= 4.2, H82 < 8.55), 3, AND(H82 >= 8.55, H82 <= 24.4), 4), F82 = "QB", _xludf.IFS( AND(H82 >= 0, H82 < 2.95), 1, AND(H82 >= 2.95, H82 < 5.4), 2, AND(H82 >= 5.4, H82 < 7.2), 3, AND(H82 >= 7.2, H82 <= 12.3), 4), F82 = "TE", _xludf.IFS( AND(H82 >= 0, H82 < 3), 1, AND(H82 >= 3, H82 < 4.8), 2, AND(H82 >= 4.8, H82 < 8.525), 3, AND(H82 >= 8.525, H82 <= 24.6), 4) )
C82: =IF(COUNTIF(Keeper!B:B,D82)>0,"x","") | D82: =Fantasypro!C79 | E82: =Fantasypro!D79 | F82: =Fantasypro!K79 | G82: =Fantasypro!H79 | H82: =Fantasypro!I79 | I82: =_xludf.IFS( F83 = "RB", _xludf.IFS( AND(H83 >= 0, H83 < 2.55), 1, AND(H83 >= 2.55, H83 < 4.7), 2, AND(H83 >= 4.7, H83 < 8.4), 3, AND(H83 >= 8.4, H83 <= 36), 4), F83 = "WR", _xludf.IFS( AND(H83 >= 0, H83 < 2.55), 1, AND(H83 >= 2.55, H83 < 4.2), 2, AND(H83 >= 4.2, H83 < 8.55), 3, AND(H83 >= 8.55, H83 <= 24.4), 4), F83 = "QB", _xludf.IFS( AND(H83 >= 0, H83 < 2.95), 1, AND(H83 >= 2.95, H83 < 5.4), 2, AND(H83 >= 5.4, H83 < 7.2), 3, AND(H83 >= 7.2, H83 <= 12.3), 4), F83 = "TE", _xludf.IFS( AND(H83 >= 0, H83 < 3), 1, AND(H83 >= 3, H83 < 4.8), 2, AND(H83 >= 4.8, H83 < 8.525), 3, AND(H83 >= 8.525, H83 <= 24.6), 4) )
C83: =IF(COUNTIF(Keeper!B:B,D83)>0,"x","") | D83: =Fantasypro!C80 | E83: =Fantasypro!D80 | F83: =Fantasypro!K80 | G83: =Fantasypro!H80 | H83: =Fantasypro!I80 | I83: =_xludf.IFS( F84 = "RB", _xludf.IFS( AND(H84 >= 0, H84 < 2.55), 1, AND(H84 >= 2.55, H84 < 4.7), 2, AND(H84 >= 4.7, H84 < 8.4), 3, AND(H84 >= 8.4, H84 <= 36), 4), F84 = "WR", _xludf.IFS( AND(H84 >= 0, H84 < 2.55), 1, AND(H84 >= 2.55, H84 < 4.2), 2, AND(H84 >= 4.2, H84 < 8.55), 3, AND(H84 >= 8.55, H84 <= 24.4), 4), F84 = "QB", _xludf.IFS( AND(H84 >= 0, H84 < 2.95), 1, AND(H84 >= 2.95, H84 < 5.4), 2, AND(H84 >= 5.4, H84 < 7.2), 3, AND(H84 >= 7.2, H84 <= 12.3), 4), F84 = "TE", _xludf.IFS( AND(H84 >= 0, H84 < 3), 1, AND(H84 >= 3, H84 < 4.8), 2, AND(H84 >= 4.8, H84 < 8.525), 3, AND(H84 >= 8.525, H84 <= 24.6), 4) )
C84: =IF(COUNTIF(Keeper!B:B,D84)>0,"x","") | D84: =Fantasypro!C81 | E84: =Fantasypro!D81 | F84: =Fantasypro!K81 | G84: =Fantasypro!H81 | H84: =Fantasypro!I81 | I84: =_xludf.IFS( F85 = "RB", _xludf.IFS( AND(H85 >= 0, H85 < 2.55), 1, AND(H85 >= 2.55, H85 < 4.7), 2, AND(H85 >= 4.7, H85 < 8.4), 3, AND(H85 >= 8.4, H85 <= 36), 4), F85 = "WR", _xludf.IFS( AND(H85 >= 0, H85 < 2.55), 1, AND(H85 >= 2.55, H85 < 4.2), 2, AND(H85 >= 4.2, H85 < 8.55), 3, AND(H85 >= 8.55, H85 <= 24.4), 4), F85 = "QB", _xludf.IFS( AND(H85 >= 0, H85 < 2.95), 1, AND(H85 >= 2.95, H85 < 5.4), 2, AND(H85 >= 5.4, H85 < 7.2), 3, AND(H85 >= 7.2, H85 <= 12.3), 4), F85 = "TE", _xludf.IFS( AND(H85 >= 0, H85 < 3), 1, AND(H85 >= 3, H85 < 4.8), 2, AND(H85 >= 4.8, H85 < 8.525), 3, AND(H85 >= 8.525, H85 <= 24.6), 4) )
A85: Austin Ekeler | C85: =IF(COUNTIF(Keeper!B:B,D85)>0,"x","") | D85: =Fantasypro!C82 | E85: =Fantasypro!D82 | F85: =Fantasypro!K82 | G85: =Fantasypro!H82 | H85: =Fantasypro!I82 | I85: =_xludf.IFS( F86 = "RB", _xludf.IFS( AND(H86 >= 0, H86 < 2.55), 1, AND(H86 >= 2.55, H86 < 4.7), 2, AND(H86 >= 4.7, H86 < 8.4), 3, AND(H86 >= 8.4, H86 <= 36), 4), F86 = "WR", _xludf.IFS( AND(H86 >= 0, H86 < 2.55), 1, AND(H86 >= 2.55, H86 < 4.2), 2, AND(H86 >= 4.2, H86 < 8.55), 3, AND(H86 >= 8.55, H86 <= 24.4), 4), F86 = "QB", _xludf.IFS( AND(H86 >= 0, H86 < 2.95), 1, AND(H86 >= 2.95, H86 < 5.4), 2, AND(H86 >= 5.4, H86 < 7.2), 3, AND(H86 >= 7.2, H86 <= 12.3), 4), F86 = "TE", _xludf.IFS( AND(H86 >= 0, H86 < 3), 1, AND(H86 >= 3, H86 < 4.8), 2, AND(H86 >= 4.8, H86 < 8.525), 3, AND(H86 >= 8.525, H86 <= 24.6), 4) )
A86: Jaylen Warren | C86: =IF(COUNTIF(Keeper!B:B,D86)>0,"x","") | D86: =Fantasypro!C83 | E86: =Fantasypro!D83 | F86: =Fantasypro!K83 | G86: =Fantasypro!H83 | H86: =Fantasypro!I83 | I86: =_xludf.IFS( F87 = "RB", _xludf.IFS( AND(H87 >= 0, H87 < 2.55), 1, AND(H87 >= 2.55, H87 < 4.7), 2, AND(H87 >= 4.7, H87 < 8.4), 3, AND(H87 >= 8.4, H87 <= 36), 4), F87 = "WR", _xludf.IFS( AND(H87 >= 0, H87 < 2.55), 1, AND(H87 >= 2.55, H87 < 4.2), 2, AND(H87 >= 4.2, H87 < 8.55), 3, AND(H87 >= 8.55, H87 <= 24.4), 4), F87 = "QB", _xludf.IFS( AND(H87 >= 0, H87 < 2.95), 1, AND(H87 >= 2.95, H87 < 5.4), 2, AND(H87 >= 5.4, H87 < 7.2), 3, AND(H87 >= 7.2, H87 <= 12.3), 4), F87 = "TE", _xludf.IFS( AND(H87 >= 0, H87 < 3), 1, AND(H87 >= 3, H87 < 4.8), 2, AND(H87 >= 4.8, H87 < 8.525), 3, AND(H87 >= 8.525, H87 <= 24.6), 4) )
C87: =IF(COUNTIF(Keeper!B:B,D87)>0,"x","") | D87: =Fantasypro!C84 | E87: =Fantasypro!D84 | F87: =Fantasypro!K84 | G87: =Fantasypro!H84 | H87: =Fantasypro!I84 | I87: =_xludf.IFS( F88 = "RB", _xludf.IFS( AND(H88 >= 0, H88 < 2.55), 1, AND(H88 >= 2.55, H88 < 4.7), 2, AND(H88 >= 4.7, H88 < 8.4), 3, AND(H88 >= 8.4, H88 <= 36), 4), F88 = "WR", _xludf.IFS( AND(H88 >= 0, H88 < 2.55), 1, AND(H88 >= 2.55, H88 < 4.2), 2, AND(H88 >= 4.2, H88 < 8.55), 3, AND(H88 >= 8.55, H88 <= 24.4), 4), F88 = "QB", _xludf.IFS( AND(H88 >= 0, H88 < 2.95), 1, AND(H88 >= 2.95, H88 < 5.4), 2, AND(H88 >= 5.4, H88 < 7.2), 3, AND(H88 >= 7.2, H88 <= 12.3), 4), F88 = "TE", _xludf.IFS( AND(H88 >= 0, H88 < 3), 1, AND(H88 >= 3, H88 < 4.8), 2, AND(H88 >= 4.8, H88 < 8.525), 3, AND(H88 >= 8.525, H88 <= 24.6), 4) )
C88: =IF(COUNTIF(Keeper!B:B,D88)>0,"x","") | D88: =Fantasypro!C85 | E88: =Fantasypro!D85 | F88: =Fantasypro!K85 | G88: =Fantasypro!H85 | H88: =Fantasypro!I85 | I88: =_xludf.IFS( F89 = "RB", _xludf.IFS( AND(H89 >= 0, H89 < 2.55), 1, AND(H89 >= 2.55, H89 < 4.7), 2, AND(H89 >= 4.7, H89 < 8.4), 3, AND(H89 >= 8.4, H89 <= 36), 4), F89 = "WR", _xludf.IFS( AND(H89 >= 0, H89 < 2.55), 1, AND(H89 >= 2.55, H89 < 4.2), 2, AND(H89 >= 4.2, H89 < 8.55), 3, AND(H89 >= 8.55, H89 <= 24.4), 4), F89 = "QB", _xludf.IFS( AND(H89 >= 0, H89 < 2.95), 1, AND(H89 >= 2.95, H89 < 5.4), 2, AND(H89 >= 5.4, H89 < 7.2), 3, AND(H89 >= 7.2, H89 <= 12.3), 4), F89 = "TE", _xludf.IFS( AND(H89 >= 0, H89 < 3), 1, AND(H89 >= 3, H89 < 4.8), 2, AND(H89 >= 4.8, H89 < 8.525), 3, AND(H89 >= 8.525, H89 <= 24.6), 4) )
A89: Kaleb Johnson | C89: =IF(COUNTIF(Keeper!B:B,D89)>0,"x","") | D89: =Fantasypro!C86 | E89: =Fantasypro!D86 | F89: =Fantasypro!K86 | G89: =Fantasypro!H86 | H89: =Fantasypro!I86 | I89: =_xludf.IFS( F90 = "RB", _xludf.IFS( AND(H90 >= 0, H90 < 2.55), 1, AND(H90 >= 2.55, H90 < 4.7), 2, AND(H90 >= 4.7, H90 < 8.4), 3, AND(H90 >= 8.4, H90 <= 36), 4), F90 = "WR", _xludf.IFS( AND(H90 >= 0, H90 < 2.55), 1, AND(H90 >= 2.55, H90 < 4.2), 2, AND(H90 >= 4.2, H90 < 8.55), 3, AND(H90 >= 8.55, H90 <= 24.4), 4), F90 = "QB", _xludf.IFS( AND(H90 >= 0, H90 < 2.95), 1, AND(H90 >= 2.95, H90 < 5.4), 2, AND(H90 >= 5.4, H90 < 7.2), 3, AND(H90 >= 7.2, H90 <= 12.3), 4), F90 = "TE", _xludf.IFS( AND(H90 >= 0, H90 < 3), 1, AND(H90 >= 3, H90 < 4.8), 2, AND(H90 >= 4.8, H90 < 8.525), 3, AND(H90 >= 8.525, H90 <= 24.6), 4) )
C90: =IF(COUNTIF(Keeper!B:B,D90)>0,"x","") | D90: =Fantasypro!C87 | E90: =Fantasypro!D87 | F90: =Fantasypro!K87 | G90: =Fantasypro!H87 | H90: =Fantasypro!I87 | I90: =_xludf.IFS( F91 = "RB", _xludf.IFS( AND(H91 >= 0, H91 < 2.55), 1, AND(H91 >= 2.55, H91 < 4.7), 2, AND(H91 >= 4.7, H91 < 8.4), 3, AND(H91 >= 8.4, H91 <= 36), 4), F91 = "WR", _xludf.IFS( AND(H91 >= 0, H91 < 2.55), 1, AND(H91 >= 2.55, H91 < 4.2), 2, AND(H91 >= 4.2, H91 < 8.55), 3, AND(H91 >= 8.55, H91 <= 24.4), 4), F91 = "QB", _xludf.IFS( AND(H91 >= 0, H91 < 2.95), 1, AND(H91 >= 2.95, H91 < 5.4), 2, AND(H91 >= 5.4, H91 < 7.2), 3, AND(H91 >= 7.2, H91 <= 12.3), 4), F91 = "TE", _xludf.IFS( AND(H91 >= 0, H91 < 3), 1, AND(H91 >= 3, H91 < 4.8), 2, AND(H91 >= 4.8, H91 < 8.525), 3, AND(H91 >= 8.525, H91 <= 24.6), 4) )
C91: =IF(COUNTIF(Keeper!B:B,D91)>0,"x","") | D91: =Fantasypro!C88 | E91: =Fantasypro!D88 | F91: =Fantasypro!K88 | G91: =Fantasypro!H88 | H91: =Fantasypro!I88 | I91: 3
C92: =IF(COUNTIF(Keeper!B:B,D92)>0,"x","") | D92: =Fantasypro!C90 | E92: =Fantasypro!D90 | F92: =Fantasypro!K90 | G92: =Fantasypro!H90 | H92: =Fantasypro!I90 | I92: =_xludf.IFS( F93 = "RB", _xludf.IFS( AND(H93 >= 0, H93 < 2.55), 1, AND(H93 >= 2.55, H93 < 4.7), 2, AND(H93 >= 4.7, H93 < 8.4), 3, AND(H93 >= 8.4, H93 <= 36), 4 ), F93 = "WR", _xludf.IFS( AND(H93 >= 0, H93 < 2.55), 1, AND(H93 >= 2.55, H93 < 4.2), 2, AND(H93 >= 4.2, H93 < 8.55), 3, AND(H93 >= 8.55, H93 <= 24.4), 4 ), F93 = "QB", _xludf.IFS( AND(H93 >= 0, H93 < 2.95), 1, AND(H93 >= 2.95, H93 < 5.4), 2, AND(H93 >= 5.4, H93 < 7.2), 3, AND(H93 >= 7.2, H93 <= 12.3), 4 ), F93 = "TE", _xludf.IFS( AND(H93 >= 0, H93 < 3), 1, AND(H93 >= 3, H93 < 4.8), 2, AND(H93 >= 4.8, H93 < 8.525), 3, AND(H93 >= 8.525, H93 <= 24.6), 4 ) )
C93: =IF(COUNTIF(Keeper!B:B,D93)>0,"x","") | D93: =Fantasypro!C91 | E93: =Fantasypro!D91 | F93: =Fantasypro!K91 | G93: =Fantasypro!H91 | H93: =Fantasypro!I91 | I93: =_xludf.IFS( F94 = "RB", _xludf.IFS( AND(H94 >= 0, H94 < 2.55), 1, AND(H94 >= 2.55, H94 < 4.7), 2, AND(H94 >= 4.7, H94 < 8.4), 3, AND(H94 >= 8.4, H94 <= 36), 4), F94 = "WR", _xludf.IFS( AND(H94 >= 0, H94 < 2.55), 1, AND(H94 >= 2.55, H94 < 4.2), 2, AND(H94 >= 4.2, H94 < 8.55), 3, AND(H94 >= 8.55, H94 <= 24.4), 4), F94 = "QB", _xludf.IFS( AND(H94 >= 0, H94 < 2.95), 1, AND(H94 >= 2.95, H94 < 5.4), 2, AND(H94 >= 5.4, H94 < 7.2), 3, AND(H94 >= 7.2, H94 <= 12.3), 4), F94 = "TE", _xludf.IFS( AND(H94 >= 0, H94 < 3), 1, AND(H94 >= 3, H94 < 4.8), 2, AND(H94 >= 4.8, H94 < 8.525), 3, AND(H94 >= 8.525, H94 <= 24.6), 4) )
C94: =IF(COUNTIF(Keeper!B:B,D94)>0,"x","") | D94: =Fantasypro!C92 | E94: =Fantasypro!D92 | F94: =Fantasypro!K92 | G94: =Fantasypro!H92 | H94: =Fantasypro!I92 | I94: =_xludf.IFS( F95 = "RB", _xludf.IFS( AND(H95 >= 0, H95 < 2.55), 1, AND(H95 >= 2.55, H95 < 4.7), 2, AND(H95 >= 4.7, H95 < 8.4), 3, AND(H95 >= 8.4, H95 <= 36), 4), F95 = "WR", _xludf.IFS( AND(H95 >= 0, H95 < 2.55), 1, AND(H95 >= 2.55, H95 < 4.2), 2, AND(H95 >= 4.2, H95 < 8.55), 3, AND(H95 >= 8.55, H95 <= 24.4), 4), F95 = "QB", _xludf.IFS( AND(H95 >= 0, H95 < 2.95), 1, AND(H95 >= 2.95, H95 < 5.4), 2, AND(H95 >= 5.4, H95 < 7.2), 3, AND(H95 >= 7.2, H95 <= 12.3), 4), F95 = "TE", _xludf.IFS( AND(H95 >= 0, H95 < 3), 1, AND(H95 >= 3, H95 < 4.8), 2, AND(H95 >= 4.8, H95 < 8.525), 3, AND(H95 >= 8.525, H95 <= 24.6), 4) )
C95: =IF(COUNTIF(Keeper!B:B,D95)>0,"x","") | D95: =Fantasypro!C93 | E95: =Fantasypro!D93 | F95: =Fantasypro!K93 | G95: =Fantasypro!H93 | H95: =Fantasypro!I93 | I95: =_xludf.IFS( F96 = "RB", _xludf.IFS( AND(H96 >= 0, H96 < 2.55), 1, AND(H96 >= 2.55, H96 < 4.7), 2, AND(H96 >= 4.7, H96 < 8.4), 3, AND(H96 >= 8.4, H96 <= 36), 4), F96 = "WR", _xludf.IFS( AND(H96 >= 0, H96 < 2.55), 1, AND(H96 >= 2.55, H96 < 4.2), 2, AND(H96 >= 4.2, H96 < 8.55), 3, AND(H96 >= 8.55, H96 <= 24.4), 4), F96 = "QB", _xludf.IFS( AND(H96 >= 0, H96 < 2.95), 1, AND(H96 >= 2.95, H96 < 5.4), 2, AND(H96 >= 5.4, H96 < 7.2), 3, AND(H96 >= 7.2, H96 <= 12.3), 4), F96 = "TE", _xludf.IFS( AND(H96 >= 0, H96 < 3), 1, AND(H96 >= 3, H96 < 4.8), 2, AND(H96 >= 4.8, H96 < 8.525), 3, AND(H96 >= 8.525, H96 <= 24.6), 4) )
C96: =IF(COUNTIF(Keeper!B:B,D96)>0,"x","") | D96: =Fantasypro!C94 | E96: =Fantasypro!D94 | F96: =Fantasypro!K94 | G96: =Fantasypro!H94 | H96: =Fantasypro!I94 | I96: =_xludf.IFS( F97 = "RB", _xludf.IFS( AND(H97 >= 0, H97 < 2.55), 1, AND(H97 >= 2.55, H97 < 4.7), 2, AND(H97 >= 4.7, H97 < 8.4), 3, AND(H97 >= 8.4, H97 <= 36), 4), F97 = "WR", _xludf.IFS( AND(H97 >= 0, H97 < 2.55), 1, AND(H97 >= 2.55, H97 < 4.2), 2, AND(H97 >= 4.2, H97 < 8.55), 3, AND(H97 >= 8.55, H97 <= 24.4), 4), F97 = "QB", _xludf.IFS( AND(H97 >= 0, H97 < 2.95), 1, AND(H97 >= 2.95, H97 < 5.4), 2, AND(H97 >= 5.4, H97 < 7.2), 3, AND(H97 >= 7.2, H97 <= 12.3), 4), F97 = "TE", _xludf.IFS( AND(H97 >= 0, H97 < 3), 1, AND(H97 >= 3, H97 < 4.8), 2, AND(H97 >= 4.8, H97 < 8.525), 3, AND(H97 >= 8.525, H97 <= 24.6), 4) )
C97: =IF(COUNTIF(Keeper!B:B,D97)>0,"x","") | D97: =Fantasypro!C95 | E97: =Fantasypro!D95 | F97: =Fantasypro!K95 | G97: =Fantasypro!H95 | H97: =Fantasypro!I95 | I97: =_xludf.IFS( F98 = "RB", _xludf.IFS( AND(H98 >= 0, H98 < 2.55), 1, AND(H98 >= 2.55, H98 < 4.7), 2, AND(H98 >= 4.7, H98 < 8.4), 3, AND(H98 >= 8.4, H98 <= 36), 4), F98 = "WR", _xludf.IFS( AND(H98 >= 0, H98 < 2.55), 1, AND(H98 >= 2.55, H98 < 4.2), 2, AND(H98 >= 4.2, H98 < 8.55), 3, AND(H98 >= 8.55, H98 <= 24.4), 4), F98 = "QB", _xludf.IFS( AND(H98 >= 0, H98 < 2.95), 1, AND(H98 >= 2.95, H98 < 5.4), 2, AND(H98 >= 5.4, H98 < 7.2), 3, AND(H98 >= 7.2, H98 <= 12.3), 4), F98 = "TE", _xludf.IFS( AND(H98 >= 0, H98 < 3), 1, AND(H98 >= 3, H98 < 4.8), 2, AND(H98 >= 4.8, H98 < 8.525), 3, AND(H98 >= 8.525, H98 <= 24.6), 4) )
C98: =IF(COUNTIF(Keeper!B:B,D98)>0,"x","") | D98: =Fantasypro!C96 | E98: =Fantasypro!D96 | F98: =Fantasypro!K96 | G98: =Fantasypro!H96 | H98: =Fantasypro!I96 | I98: =_xludf.IFS( F99 = "RB", _xludf.IFS( AND(H99 >= 0, H99 < 2.55), 1, AND(H99 >= 2.55, H99 < 4.7), 2, AND(H99 >= 4.7, H99 < 8.4), 3, AND(H99 >= 8.4, H99 <= 36), 4), F99 = "WR", _xludf.IFS( AND(H99 >= 0, H99 < 2.55), 1, AND(H99 >= 2.55, H99 < 4.2), 2, AND(H99 >= 4.2, H99 < 8.55), 3, AND(H99 >= 8.55, H99 <= 24.4), 4), F99 = "QB", _xludf.IFS( AND(H99 >= 0, H99 < 2.95), 1, AND(H99 >= 2.95, H99 < 5.4), 2, AND(H99 >= 5.4, H99 < 7.2), 3, AND(H99 >= 7.2, H99 <= 12.3), 4), F99 = "TE", _xludf.IFS( AND(H99 >= 0, H99 < 3), 1, AND(H99 >= 3, H99 < 4.8), 2, AND(H99 >= 4.8, H99 < 8.525), 3, AND(H99 >= 8.525, H99 <= 24.6), 4) )
C99: =IF(COUNTIF(Keeper!B:B,D99)>0,"x","") | D99: =Fantasypro!C97 | E99: =Fantasypro!D97 | F99: =Fantasypro!K97 | G99: =Fantasypro!H97 | H99: =Fantasypro!I97 | I99: =_xludf.IFS( F100 = "RB", _xludf.IFS( AND(H100 >= 0, H100 < 2.55), 1, AND(H100 >= 2.55, H100 < 4.7), 2, AND(H100 >= 4.7, H100 < 8.4), 3, AND(H100 >= 8.4, H100 <= 36), 4), F100 = "WR", _xludf.IFS( AND(H100 >= 0, H100 < 2.55), 1, AND(H100 >= 2.55, H100 < 4.2), 2, AND(H100 >= 4.2, H100 < 8.55), 3, AND(H100 >= 8.55, H100 <= 24.4), 4), F100 = "QB", _xludf.IFS( AND(H100 >= 0, H100 < 2.95), 1, AND(H100 >= 2.95, H100 < 5.4), 2, AND(H100 >= 5.4, H100 < 7.2), 3, AND(H100 >= 7.2, H100 <= 12.3), 4), F100 = "TE", _xludf.IFS( AND(H100 >= 0, H100 < 3), 1, AND(H100 >= 3, H100 < 4.8), 2, AND(H100 >= 4.8, H100 < 8.525), 3, AND(H100 >= 8.525, H100 <= 24.6), 4) )
C100: =IF(COUNTIF(Keeper!B:B,D100)>0,"x","") | D100: =Fantasypro!C98 | E100: =Fantasypro!D98 | F100: =Fantasypro!K98 | G100: =Fantasypro!H98 | H100: =Fantasypro!I98 | I100: =_xludf.IFS( F101 = "RB", _xludf.IFS( AND(H101 >= 0, H101 < 2.55), 1, AND(H101 >= 2.55, H101 < 4.7), 2, AND(H101 >= 4.7, H101 < 8.4), 3, AND(H101 >= 8.4, H101 <= 36), 4), F101 = "WR", _xludf.IFS( AND(H101 >= 0, H101 < 2.55), 1, AND(H101 >= 2.55, H101 < 4.2), 2, AND(H101 >= 4.2, H101 < 8.55), 3, AND(H101 >= 8.55, H101 <= 24.4), 4), F101 = "QB", _xludf.IFS( AND(H101 >= 0, H101 < 2.95), 1, AND(H101 >= 2.95, H101 < 5.4), 2, AND(H101 >= 5.4, H101 < 7.2), 3, AND(H101 >= 7.2, H101 <= 12.3), 4), F101 = "TE", _xludf.IFS( AND(H101 >= 0, H101 < 3), 1, AND(H101 >= 3, H101 < 4.8), 2, AND(H101 >= 4.8, H101 < 8.525), 3, AND(H101 >= 8.525, H101 <= 24.6), 4) )
C101: =IF(COUNTIF(Keeper!B:B,D101)>0,"x","") | D101: =Fantasypro!C99 | E101: =Fantasypro!D99 | F101: =Fantasypro!K99 | G101: =Fantasypro!H99 | H101: =Fantasypro!I99 | I101: =_xludf.IFS( F102 = "RB", _xludf.IFS( AND(H102 >= 0, H102 < 2.55), 1, AND(H102 >= 2.55, H102 < 4.7), 2, AND(H102 >= 4.7, H102 < 8.4), 3, AND(H102 >= 8.4, H102 <= 36), 4), F102 = "WR", _xludf.IFS( AND(H102 >= 0, H102 < 2.55), 1, AND(H102 >= 2.55, H102 < 4.2), 2, AND(H102 >= 4.2, H102 < 8.55), 3, AND(H102 >= 8.55, H102 <= 24.4), 4), F102 = "QB", _xludf.IFS( AND(H102 >= 0, H102 < 2.95), 1, AND(H102 >= 2.95, H102 < 5.4), 2, AND(H102 >= 5.4, H102 < 7.2), 3, AND(H102 >= 7.2, H102 <= 12.3), 4), F102 = "TE", _xludf.IFS( AND(H102 >= 0, H102 < 3), 1, AND(H102 >= 3, H102 < 4.8), 2, AND(H102 >= 4.8, H102 < 8.525), 3, AND(H102 >= 8.525, H102 <= 24.6), 4) )
C102: =IF(COUNTIF(Keeper!B:B,D102)>0,"x","") | D102: =Fantasypro!C100 | E102: =Fantasypro!D100 | F102: =Fantasypro!K100 | G102: =Fantasypro!H100 | H102: =Fantasypro!I100 | I102: =_xludf.IFS( F103 = "RB", _xludf.IFS( AND(H103 >= 0, H103 < 2.55), 1, AND(H103 >= 2.55, H103 < 4.7), 2, AND(H103 >= 4.7, H103 < 8.4), 3, AND(H103 >= 8.4, H103 <= 36), 4), F103 = "WR", _xludf.IFS( AND(H103 >= 0, H103 < 2.55), 1, AND(H103 >= 2.55, H103 < 4.2), 2, AND(H103 >= 4.2, H103 < 8.55), 3, AND(H103 >= 8.55, H103 <= 24.4), 4), F103 = "QB", _xludf.IFS( AND(H103 >= 0, H103 < 2.95), 1, AND(H103 >= 2.95, H103 < 5.4), 2, AND(H103 >= 5.4, H103 < 7.2), 3, AND(H103 >= 7.2, H103 <= 12.3), 4), F103 = "TE", _xludf.IFS( AND(H103 >= 0, H103 < 3), 1, AND(H103 >= 3, H103 < 4.8), 2, AND(H103 >= 4.8, H103 < 8.525), 3, AND(H103 >= 8.525, H103 <= 24.6), 4) )
C103: =IF(COUNTIF(Keeper!B:B,D103)>0,"x","") | D103: =Fantasypro!C101 | E103: =Fantasypro!D101 | F103: =Fantasypro!K101 | G103: =Fantasypro!H101 | H103: =Fantasypro!I101 | I103: =_xludf.IFS( F104 = "RB", _xludf.IFS( AND(H104 >= 0, H104 < 2.55), 1, AND(H104 >= 2.55, H104 < 4.7), 2, AND(H104 >= 4.7, H104 < 8.4), 3, AND(H104 >= 8.4, H104 <= 36), 4), F104 = "WR", _xludf.IFS( AND(H104 >= 0, H104 < 2.55), 1, AND(H104 >= 2.55, H104 < 4.2), 2, AND(H104 >= 4.2, H104 < 8.55), 3, AND(H104 >= 8.55, H104 <= 24.4), 4), F104 = "QB", _xludf.IFS( AND(H104 >= 0, H104 < 2.95), 1, AND(H104 >= 2.95, H104 < 5.4), 2, AND(H104 >= 5.4, H104 < 7.2), 3, AND(H104 >= 7.2, H104 <= 12.3), 4), F104 = "TE", _xludf.IFS( AND(H104 >= 0, H104 < 3), 1, AND(H104 >= 3, H104 < 4.8), 2, AND(H104 >= 4.8, H104 < 8.525), 3, AND(H104 >= 8.525, H104 <= 24.6), 4) )
C104: =IF(COUNTIF(Keeper!B:B,D104)>0,"x","") | D104: =Fantasypro!C102 | E104: =Fantasypro!D102 | F104: =Fantasypro!K102 | G104: =Fantasypro!H102 | H104: =Fantasypro!I102 | I104: =_xludf.IFS( F105 = "RB", _xludf.IFS( AND(H105 >= 0, H105 < 2.55), 1, AND(H105 >= 2.55, H105 < 4.7), 2, AND(H105 >= 4.7, H105 < 8.4), 3, AND(H105 >= 8.4, H105 <= 36), 4), F105 = "WR", _xludf.IFS( AND(H105 >= 0, H105 < 2.55), 1, AND(H105 >= 2.55, H105 < 4.2), 2, AND(H105 >= 4.2, H105 < 8.55), 3, AND(H105 >= 8.55, H105 <= 24.4), 4), F105 = "QB", _xludf.IFS( AND(H105 >= 0, H105 < 2.95), 1, AND(H105 >= 2.95, H105 < 5.4), 2, AND(H105 >= 5.4, H105 < 7.2), 3, AND(H105 >= 7.2, H105 <= 12.3), 4), F105 = "TE", _xludf.IFS( AND(H105 >= 0, H105 < 3), 1, AND(H105 >= 3, H105 < 4.8), 2, AND(H105 >= 4.8, H105 < 8.525), 3, AND(H105 >= 8.525, H105 <= 24.6), 4) )
C105: =IF(COUNTIF(Keeper!B:B,D105)>0,"x","") | D105: =Fantasypro!C103 | E105: =Fantasypro!D103 | F105: =Fantasypro!K103 | G105: =Fantasypro!H103 | H105: =Fantasypro!I103 | I105: =_xludf.IFS( F106 = "RB", _xludf.IFS( AND(H106 >= 0, H106 < 2.55), 1, AND(H106 >= 2.55, H106 < 4.7), 2, AND(H106 >= 4.7, H106 < 8.4), 3, AND(H106 >= 8.4, H106 <= 36), 4), F106 = "WR", _xludf.IFS( AND(H106 >= 0, H106 < 2.55), 1, AND(H106 >= 2.55, H106 < 4.2), 2, AND(H106 >= 4.2, H106 < 8.55), 3, AND(H106 >= 8.55, H106 <= 24.4), 4), F106 = "QB", _xludf.IFS( AND(H106 >= 0, H106 < 2.95), 1, AND(H106 >= 2.95, H106 < 5.4), 2, AND(H106 >= 5.4, H106 < 7.2), 3, AND(H106 >= 7.2, H106 <= 12.3), 4), F106 = "TE", _xludf.IFS( AND(H106 >= 0, H106 < 3), 1, AND(H106 >= 3, H106 < 4.8), 2, AND(H106 >= 4.8, H106 < 8.525), 3, AND(H106 >= 8.525, H106 <= 24.6), 4) )
A106: Treveyon Henderson | C106: =IF(COUNTIF(Keeper!B:B,D106)>0,"x","") | D106: =Fantasypro!C104 | E106: =Fantasypro!D104 | F106: =Fantasypro!K104 | G106: =Fantasypro!H104 | H106: =Fantasypro!I104 | I106: =_xludf.IFS( F107 = "RB", _xludf.IFS( AND(H107 >= 0, H107 < 2.55), 1, AND(H107 >= 2.55, H107 < 4.7), 2, AND(H107 >= 4.7, H107 < 8.4), 3, AND(H107 >= 8.4, H107 <= 36), 4), F107 = "WR", _xludf.IFS( AND(H107 >= 0, H107 < 2.55), 1, AND(H107 >= 2.55, H107 < 4.2), 2, AND(H107 >= 4.2, H107 < 8.55), 3, AND(H107 >= 8.55, H107 <= 24.4), 4), F107 = "QB", _xludf.IFS( AND(H107 >= 0, H107 < 2.95), 1, AND(H107 >= 2.95, H107 < 5.4), 2, AND(H107 >= 5.4, H107 < 7.2), 3, AND(H107 >= 7.2, H107 <= 12.3), 4), F107 = "TE", _xludf.IFS( AND(H107 >= 0, H107 < 3), 1, AND(H107 >= 3, H107 < 4.8), 2, AND(H107 >= 4.8, H107 < 8.525), 3, AND(H107 >= 8.525, H107 <= 24.6), 4) )
C107: =IF(COUNTIF(Keeper!B:B,D107)>0,"x","") | D107: =Fantasypro!C105 | E107: =Fantasypro!D105 | F107: =Fantasypro!K105 | G107: =Fantasypro!H105 | H107: =Fantasypro!I105 | I107: =_xludf.IFS( F108 = "RB", _xludf.IFS( AND(H108 >= 0, H108 < 2.55), 1, AND(H108 >= 2.55, H108 < 4.7), 2, AND(H108 >= 4.7, H108 < 8.4), 3, AND(H108 >= 8.4, H108 <= 36), 4), F108 = "WR", _xludf.IFS( AND(H108 >= 0, H108 < 2.55), 1, AND(H108 >= 2.55, H108 < 4.2), 2, AND(H108 >= 4.2, H108 < 8.55), 3, AND(H108 >= 8.55, H108 <= 24.4), 4), F108 = "QB", _xludf.IFS( AND(H108 >= 0, H108 < 2.95), 1, AND(H108 >= 2.95, H108 < 5.4), 2, AND(H108 >= 5.4, H108 < 7.2), 3, AND(H108 >= 7.2, H108 <= 12.3), 4), F108 = "TE", _xludf.IFS( AND(H108 >= 0, H108 < 3), 1, AND(H108 >= 3, H108 < 4.8), 2, AND(H108 >= 4.8, H108 < 8.525), 3, AND(H108 >= 8.525, H108 <= 24.6), 4) )
C108: =IF(COUNTIF(Keeper!B:B,D108)>0,"x","") | D108: =Fantasypro!C106 | E108: =Fantasypro!D106 | F108: =Fantasypro!K106 | G108: =Fantasypro!H106 | H108: =Fantasypro!I106 | I108: =_xludf.IFS( F109 = "RB", _xludf.IFS( AND(H109 >= 0, H109 < 2.55), 1, AND(H109 >= 2.55, H109 < 4.7), 2, AND(H109 >= 4.7, H109 < 8.4), 3, AND(H109 >= 8.4, H109 <= 36), 4), F109 = "WR", _xludf.IFS( AND(H109 >= 0, H109 < 2.55), 1, AND(H109 >= 2.55, H109 < 4.2), 2, AND(H109 >= 4.2, H109 < 8.55), 3, AND(H109 >= 8.55, H109 <= 24.4), 4), F109 = "QB", _xludf.IFS( AND(H109 >= 0, H109 < 2.95), 1, AND(H109 >= 2.95, H109 < 5.4), 2, AND(H109 >= 5.4, H109 < 7.2), 3, AND(H109 >= 7.2, H109 <= 12.3), 4), F109 = "TE", _xludf.IFS( AND(H109 >= 0, H109 < 3), 1, AND(H109 >= 3, H109 < 4.8), 2, AND(H109 >= 4.8, H109 < 8.525), 3, AND(H109 >= 8.525, H109 <= 24.6), 4) )
C109: =IF(COUNTIF(Keeper!B:B,D109)>0,"x","") | D109: =Fantasypro!C107 | E109: =Fantasypro!D107 | F109: =Fantasypro!K107 | G109: =Fantasypro!H107 | H109: =Fantasypro!I107 | I109: =_xludf.IFS( F110 = "RB", _xludf.IFS( AND(H110 >= 0, H110 < 2.55), 1, AND(H110 >= 2.55, H110 < 4.7), 2, AND(H110 >= 4.7, H110 < 8.4), 3, AND(H110 >= 8.4, H110 <= 36), 4), F110 = "WR", _xludf.IFS( AND(H110 >= 0, H110 < 2.55), 1, AND(H110 >= 2.55, H110 < 4.2), 2, AND(H110 >= 4.2, H110 < 8.55), 3, AND(H110 >= 8.55, H110 <= 24.4), 4), F110 = "QB", _xludf.IFS( AND(H110 >= 0, H110 < 2.95), 1, AND(H110 >= 2.95, H110 < 5.4), 2, AND(H110 >= 5.4, H110 < 7.2), 3, AND(H110 >= 7.2, H110 <= 12.3), 4), F110 = "TE", _xludf.IFS( AND(H110 >= 0, H110 < 3), 1, AND(H110 >= 3, H110 < 4.8), 2, AND(H110 >= 4.8, H110 < 8.525), 3, AND(H110 >= 8.525, H110 <= 24.6), 4) )
C110: =IF(COUNTIF(Keeper!B:B,D110)>0,"x","") | D110: =Fantasypro!C108 | E110: =Fantasypro!D108 | F110: =Fantasypro!K108 | G110: =Fantasypro!H108 | H110: =Fantasypro!I108 | I110: =_xludf.IFS( F111 = "RB", _xludf.IFS( AND(H111 >= 0, H111 < 2.55), 1, AND(H111 >= 2.55, H111 < 4.7), 2, AND(H111 >= 4.7, H111 < 8.4), 3, AND(H111 >= 8.4, H111 <= 36), 4), F111 = "WR", _xludf.IFS( AND(H111 >= 0, H111 < 2.55), 1, AND(H111 >= 2.55, H111 < 4.2), 2, AND(H111 >= 4.2, H111 < 8.55), 3, AND(H111 >= 8.55, H111 <= 24.4), 4), F111 = "QB", _xludf.IFS( AND(H111 >= 0, H111 < 2.95), 1, AND(H111 >= 2.95, H111 < 5.4), 2, AND(H111 >= 5.4, H111 < 7.2), 3, AND(H111 >= 7.2, H111 <= 12.3), 4), F111 = "TE", _xludf.IFS( AND(H111 >= 0, H111 < 3), 1, AND(H111 >= 3, H111 < 4.8), 2, AND(H111 >= 4.8, H111 < 8.525), 3, AND(H111 >= 8.525, H111 <= 24.6), 4) )
...

Sheet WR tier
B1: Rank
A2: Average | D2: 8e back | I2: 8 front
A3: 1-10
A4: 11-20
A5: 21-30
A6: 31-40
A7: 41-50
A8: 51-60
A9: 61-70 | D9: Tetairoa McMillan (WR,5.1, 1) | G9: Jordan Addison (WR,6.8, 4) | H9: Travis Hunter (WR,5.5, 1) | I9: Chris Godwin (WR,5.4, 1)
A10: 71-80 | B10: Jerry Jeudy (WR, 5.7, 2) | G10: Rome Odunze (WR, 6, 3) | I10: Calvin Ridley (WR, 5.1, 1)
A11: 81-90 | C11: Khalil Shakir (WR, 6, 3) | E11: Jakobi Meyers (WR, 5.8, 2) | H11: Deebo Samuel (WR, 6, 3) | K11: Brandon Aiyuk (WR, 7.3, 4)
A12: 91-100 | B12: Cooper Kupp (WR, 6.4, 4) | F12: Stefon Diggs (WR, 5.1, 1) | H12: Jauan Jennings (WR, 4.3, 1) | I12: Jayden Reed (WR, 5.9, 3) | K12: Ricky Pearsall (WR, 5.5, 1)
A13: 101-110 | C13: Matthew Golden (WR, 6.4, 4) | E13: Josh Downs (WR, 5.1, 1) | J13: Michael Pittman (WR, 5.2, 1) | K13: Darnell Mooney (WR, 5.7, 2)
A14: 111-120 | F14: Emeka Egbuka (WR, 6, 3) | K14: Keon Coleman (WR, 6.2, 4)
A15: 121-130 | J15: Jayden Higgins (WR, 6.8, 4) | K15: Tre Harris (WR, 6.6, 4)
A16: 131-140 | C16: Luther Burden (WR, 6.2, 4) | D16: Rashid Shaheed (WR, 5.5, 1) | G16: Marvin Mims (WR, 6.2, 4) | I16: Kyle Williams (WR, 7.3, 4) | K16: Christian Kirk (WR, 5, 1)
A17: 141-150 | B17: Jack Bech (WR, 8, 4) | C17: Jalen McMillan (WR, 7.7, 4) | I17: Marquise Brown (WR, 5.6, 2)

Sheet RB tier
B1: Rank
A2: Average
A3: 1-10
A4: 11-20
A5: 21-30
A6: 31-40
A7: 41-50
A8: 51-60
A9: 61-70
A10: 71-80 | C10: Quinshon Judkins (RB, 7, 3) | D10: TreVeyon Henderson (RB, 5.4, 1) | F10: Tony Pollard (RB, 6, 1) | J10: D'Andre Swift (RB, 4.6, 1) | K10: Tyrone Tracy (RB, 7.4, 4)
A11: 81-90 | F11: Brian Robinson (RB, 6.1, 1) | G11: Kaleb Johnson (RB, 5, 1) | I11: Najee Harris (RB, 7.4, 4) | J11: Jaylen Warren (RB, 5.9, 1)
A12: 91-100 | G12: Travis Etienne (RB, 5.8, 1)
A13: 101-110 | F13: Cam Skattebo (RB, 6.5, 2) | G13: Javonte Williams (RB, 6.3, 2) | H13: Rhamondre Stevenson (RB, 6.7, 3)
A14: 111-120 | E14: Zach Charbonnet (RB, 5.7, 1) | H14: Jake Ferguson (TE, 6.8, 4) | I14: Tyjae Spears (RB, 5.9, 1)
A15: 121-130 | E15: Rachaad White (RB, 6.2, 2) | G15: Tank Bigsby (RB, 7.1, 3) | H15: Rico Dowdle (RB, 8, 4) | I15: Jordan Mason (RB, 4.2, 1)
A16: 131-140 | E16: Jaydon Blue (RB, 6.4, 2) | F16: Bhayshul Tuten (RB, 6.6, 2)
A17: 141-150 | D17: Isaac Guerendo (RB, 5.8, 1) | F17: Austin Ekeler (RB, 5.2, 1) | H17: J.K. Dobbins (RB, 4.2, 1) | J17: Ray Davis (RB, 4.8, 1)

Sheet Risk Analysis 
B1: RB | C1: WR | D1: QB | E1: TE
B2: =IFERROR(__xludf.DUMMYFUNCTION("PERCENTILE(FILTER('ALL PPR Drafts'!$H2:$H148, 'ALL PPR Drafts'!$F2:$F148 = ""RB""), 0)"),1) | C2: =IFERROR(__xludf.DUMMYFUNCTION("PERCENTILE(FILTER('ALL PPR Drafts'!$H2:$H148, 'ALL PPR Drafts'!$F2:$F148 = ""WR""), 0)"),0.5) | D2: =IFERROR(__xludf.DUMMYFUNCTION("PERCENTILE(FILTER('ALL PPR Drafts'!$H2:$H148, 'ALL PPR Drafts'!$F2:$F148 = ""QB""), 0)"),0.7) | E2: =IFERROR(__xludf.DUMMYFUNCTION("PERCENTILE(FILTER('ALL PPR Drafts'!$H2:$H148, 'ALL PPR Drafts'!$F2:$F148 = ""TE""), 0)"),2)
B3: =IFERROR(__xludf.DUMMYFUNCTION("PERCENTILE(FILTER('ALL PPR Drafts'!$H2:$H148, 'ALL PPR Drafts'!$F2:$F148 = ""RB""), 0.25)"),5.7) | C3: =IFERROR(__xludf.DUMMYFUNCTION("PERCENTILE(FILTER('ALL PPR Drafts'!$H2:$H148, 'ALL PPR Drafts'!$F2:$F148 = ""WR""), 0.25)"),5.3) | D3: =IFERROR(__xludf.DUMMYFUNCTION("PERCENTILE(FILTER('ALL PPR Drafts'!$H2:$H148, 'ALL PPR Drafts'!$F2:$F148 = ""QB""), 0.25)"),7.025) | E3: =IFERROR(__xludf.DUMMYFUNCTION("PERCENTILE(FILTER('ALL PPR Drafts'!$H2:$H148, 'ALL PPR Drafts'!$F2:$F148 = ""TE""), 0.25)"),5.9)
B4: =IFERROR(__xludf.DUMMYFUNCTION("PERCENTILE(FILTER('ALL PPR Drafts'!$H2:$H148, 'ALL PPR Drafts'!$F2:$F148 = ""RB""), 0.5)"),8.3) | C4: =IFERROR(__xludf.DUMMYFUNCTION("PERCENTILE(FILTER('ALL PPR Drafts'!$H2:$H148, 'ALL PPR Drafts'!$F2:$F148 = ""WR""), 0.5)"),8.8) | D4: =IFERROR(__xludf.DUMMYFUNCTION("PERCENTILE(FILTER('ALL PPR Drafts'!$H2:$H148, 'ALL PPR Drafts'!$F2:$F148 = ""QB""), 0.5)"),10.5) | E4: =IFERROR(__xludf.DUMMYFUNCTION("PERCENTILE(FILTER('ALL PPR Drafts'!$H2:$H148, 'ALL PPR Drafts'!$F2:$F148 = ""TE""), 0.5)"),12)
B5: =IFERROR(__xludf.DUMMYFUNCTION("PERCENTILE(FILTER('ALL PPR Drafts'!$H2:$H148, 'ALL PPR Drafts'!$F2:$F148 = ""RB""), 0.75)"),12.9) | C5: =IFERROR(__xludf.DUMMYFUNCTION("PERCENTILE(FILTER('ALL PPR Drafts'!$H2:$H148, 'ALL PPR Drafts'!$F2:$F148 = ""WR""), 0.75)"),11.9) | D5: =IFERROR(__xludf.DUMMYFUNCTION("PERCENTILE(FILTER('ALL PPR Drafts'!$H2:$H148, 'ALL PPR Drafts'!$F2:$F148 = ""QB""), 0.75)"),11.3) | E5: =IFERROR(__xludf.DUMMYFUNCTION("PERCENTILE(FILTER('ALL PPR Drafts'!$H2:$H148, 'ALL PPR Drafts'!$F2:$F148 = ""TE""), 0.75)"),15.7)
B6: =IFERROR(__xludf.DUMMYFUNCTION("PERCENTILE(FILTER('ALL PPR Drafts'!$H2:$H148, 'ALL PPR Drafts'!$F2:$F148 = ""RB""), 1)"),52.3) | C6: =IFERROR(__xludf.DUMMYFUNCTION("PERCENTILE(FILTER('ALL PPR Drafts'!$H2:$H148, 'ALL PPR Drafts'!$F2:$F148 = ""WR""), 1)"),49) | D6: =IFERROR(__xludf.DUMMYFUNCTION("PERCENTILE(FILTER('ALL PPR Drafts'!$H2:$H148, 'ALL PPR Drafts'!$F2:$F148 = ""QB""), 1)"),24.7) | E6: =IFERROR(__xludf.DUMMYFUNCTION("PERCENTILE(FILTER('ALL PPR Drafts'!$H2:$H148, 'ALL PPR Drafts'!$F2:$F148 = ""TE""), 1)"),32.5)

Sheet Drafts Order_AVG
B1: Picks
A2: Rounds | B2: 1 | C2: 2 | D2: 3 | E2: 4 | F2: 5 | G2: 6 | H2: 7 | I2: 8 | J2: 9 | K2: 10
A3: 1 | B3: =IFERROR(__xludf.DUMMYFUNCTION("TRANSPOSE( FILTER( IF( 'ALL PPR Drafts'!C$2:C1000 = """", 'ALL PPR Drafts'!D$2:D1000 & "" ("" & 'ALL PPR Drafts'!F$2:F1000 & "")"", """" ), VALUE(#REF!) >= 1, VALUE(#REF!) <= 10.99 ) ) "),"#N/A")
A4: 2 | B4: =IFERROR(__xludf.DUMMYFUNCTION("TRANSPOSE( SORT( FILTER( IF( 'ALL PPR Drafts'!C$2:C1000 = """", 'ALL PPR Drafts'!D$2:D1000 & "" ("" & 'ALL PPR Drafts'!F$2:F1000 & "")"", """" ), (VALUE(#REF!) >= 11) * (VALUE(#REF!) <= 20.99) ), ROW"&"(#REF!) - ROW(#REF!) + 1, FALSE ) ) "),"#REF!")
A5: 3 | B5: =IFERROR(__xludf.DUMMYFUNCTION("TRANSPOSE( FILTER( IF( 'ALL PPR Drafts'!C$2:C1000 = """", 'ALL PPR Drafts'!D$2:D1000 & "" ("" & 'ALL PPR Drafts'!F$2:F1000 & "")"", """" ), VALUE(#REF!) >= 21, VALUE(#REF!) <= 30.99 ) ) "),"#N/A")
A6: 4 | B6: =IFERROR(__xludf.DUMMYFUNCTION("TRANSPOSE( FILTER( IF( 'ALL PPR Drafts'!C$2:C1000 = """", 'ALL PPR Drafts'!D$2:D1000 & "" ("" & 'ALL PPR Drafts'!F$2:F1000 & "")"", """" ), VALUE(#REF!) >= 31, VALUE(#REF!) <= 40.99 ) ) "),"#N/A")
A7: 5 | B7: =IFERROR(__xludf.DUMMYFUNCTION("TRANSPOSE( FILTER( IF( 'ALL PPR Drafts'!C$2:C1000 = """", 'ALL PPR Drafts'!D$2:D1000 & "" ("" & 'ALL PPR Drafts'!F$2:F1000 & "")"", """" ), VALUE(#REF!) >= 41, VALUE(#REF!) <= 51.99 ) ) "),"#N/A")
A8: 6 | B8: =IFERROR(__xludf.DUMMYFUNCTION("TRANSPOSE( FILTER( IF( 'ALL PPR Drafts'!C$2:C1000 = """", 'ALL PPR Drafts'!D$2:D1000 & "" ("" & 'ALL PPR Drafts'!F$2:F1000 & "")"", """" ), VALUE(#REF!) >= 52, VALUE(#REF!) <= 61.99 ) ) "),"#N/A")
A9: 7 | B9: =IFERROR(__xludf.DUMMYFUNCTION("TRANSPOSE( FILTER( IF( 'ALL PPR Drafts'!C$2:C1000 = """", 'ALL PPR Drafts'!D$2:D1000 & "" ("" & 'ALL PPR Drafts'!F$2:F1000 & "")"", """" ), VALUE(#REF!) >= 62, VALUE(#REF!) <= 71.99 ) ) "),"#N/A")
A10: 8 | B10: =IFERROR(__xludf.DUMMYFUNCTION("TRANSPOSE( FILTER( IF( 'ALL PPR Drafts'!C$2:C1000 = """", 'ALL PPR Drafts'!D$2:D1000 & "" ("" & 'ALL PPR Drafts'!F$2:F1000 & "")"", """" ), VALUE(#REF!) >= 72, VALUE(#REF!) <= 81.99 ) ) "),"#N/A")
A11: 9 | B11: =IFERROR(__xludf.DUMMYFUNCTION("TRANSPOSE( FILTER( IF( 'ALL PPR Drafts'!C$2:C1000 = """", 'ALL PPR Drafts'!D$2:D1000 & "" ("" & 'ALL PPR Drafts'!F$2:F1000 & "")"", """" ), VALUE(#REF!) >= 82, VALUE(#REF!) <= 93.99 ) ) "),"#N/A")
A12: 10 | B12: =IFERROR(__xludf.DUMMYFUNCTION("TRANSPOSE( FILTER( IF( 'ALL PPR Drafts'!C$2:C1000 = """", 'ALL PPR Drafts'!D$2:D1000 & "" ("" & 'ALL PPR Drafts'!F$2:F1000 & "")"", """" ), VALUE(#REF!) >= 94, VALUE(#REF!) <= 103.99 ) ) "),"#N/A")

Sheet Drafts Order_ECR
B1: Picks
A2: Rounds | B2: 1 | C2: 2 | D2: 3 | E2: 4 | F2: 5 | G2: 6 | H2: 7 | I2: 8 | J2: 9 | K2: 10
A3: 1 | B3: =IFERROR(__xludf.DUMMYFUNCTION("TRANSPOSE( FILTER( IF( 'ALL PPR Drafts'!C$2:C1000 = """", 'ALL PPR Drafts'!D$2:D1000 & "" ("" & 'ALL PPR Drafts'!F$2:F1000 & "")"", """" ), VALUE(#REF!) >= 1, VALUE(#REF!) <= 10.99 ) ) "),"#N/A")
A4: 2 | B4: =IFERROR(__xludf.DUMMYFUNCTION("TRANSPOSE( FILTER( IF( 'ALL PPR Drafts'!C$2:C1000 = """", 'ALL PPR Drafts'!D$2:D1000 & "" ("" & 'ALL PPR Drafts'!F$2:F1000 & "")"", """" ), VALUE(#REF!) >= 11, VALUE(#REF!) <= 20.99 ) ) "),"#N/A")
A5: 3 | B5: =IFERROR(__xludf.DUMMYFUNCTION("TRANSPOSE( FILTER( IF( 'ALL PPR Drafts'!C$2:C1000 = """", 'ALL PPR Drafts'!D$2:D1000 & "" ("" & 'ALL PPR Drafts'!F$2:F1000 & "")"", """" ), VALUE(#REF!) >= 21, VALUE(#REF!) <= 30.99 ) ) "),"#N/A")
A6: 4 | B6: =IFERROR(__xludf.DUMMYFUNCTION("TRANSPOSE( FILTER( IF( 'ALL PPR Drafts'!C$2:C1000 = """", 'ALL PPR Drafts'!D$2:D1000 & "" ("" & 'ALL PPR Drafts'!F$2:F1000 & "")"", """" ), VALUE(#REF!) >= 31, VALUE(#REF!) <= 40.99 ) ) "),"#N/A")
A7: 5 | B7: =IFERROR(__xludf.DUMMYFUNCTION("TRANSPOSE( FILTER( IF( 'ALL PPR Drafts'!C$2:C1000 = """", 'ALL PPR Drafts'!D$2:D1000 & "" ("" & 'ALL PPR Drafts'!F$2:F1000 & "")"", """" ), VALUE(#REF!) >= 41, VALUE(#REF!) <= 50.99 ) ) "),"#N/A")
A8: 6 | B8: =IFERROR(__xludf.DUMMYFUNCTION("TRANSPOSE( FILTER( IF( 'ALL PPR Drafts'!C$2:C1000 = """", 'ALL PPR Drafts'!D$2:D1000 & "" ("" & 'ALL PPR Drafts'!F$2:F1000 & "")"", """" ), VALUE(#REF!) >= 51, VALUE(#REF!) <= 60.99 ) ) "),"#N/A")
A9: 7 | B9: =IFERROR(__xludf.DUMMYFUNCTION("TRANSPOSE( FILTER( IF( 'ALL PPR Drafts'!C$2:C1000 = """", 'ALL PPR Drafts'!D$2:D1000 & "" ("" & 'ALL PPR Drafts'!F$2:F1000 & "")"", """" ), VALUE(#REF!) >= 61, VALUE(#REF!) <= 70.99 ) ) "),"#N/A")
A10: 8 | B10: =IFERROR(__xludf.DUMMYFUNCTION("TRANSPOSE( FILTER( IF( 'ALL PPR Drafts'!C$2:C1000 = """", 'ALL PPR Drafts'!D$2:D1000 & "" ("" & 'ALL PPR Drafts'!F$2:F1000 & "")"", """" ), VALUE(#REF!) >= 71, VALUE(#REF!) <= 80.99 ) ) "),"#N/A")
A11: 9 | B11: =IFERROR(__xludf.DUMMYFUNCTION("TRANSPOSE( FILTER( IF( 'ALL PPR Drafts'!C$2:C1000 = """", 'ALL PPR Drafts'!D$2:D1000 & "" ("" & 'ALL PPR Drafts'!F$2:F1000 & "")"", """" ), VALUE(#REF!) >= 81, VALUE(#REF!) <= 90.99 ) ) "),"#N/A")
A12: 10 | B12: =IFERROR(__xludf.DUMMYFUNCTION("TRANSPOSE( FILTER( IF( 'ALL PPR Drafts'!C$2:C1000 = """", 'ALL PPR Drafts'!D$2:D1000 & "" ("" & 'ALL PPR Drafts'!F$2:F1000 & "")"", """" ), VALUE(#REF!) >= 91, VALUE(#REF!) <= 100.99 ) ) "),"#N/A")
B13: =IFERROR(__xludf.DUMMYFUNCTION("TRANSPOSE( FILTER( IF( 'ALL PPR Drafts'!C$2:C1000 = """", 'ALL PPR Drafts'!D$2:D1000 & "" ("" & 'ALL PPR Drafts'!F$2:F1000 & "")"", """" ), VALUE(#REF!) >= 101, VALUE(#REF!) <= 110.99 ) ) "),"#N/A")
B14: =IFERROR(__xludf.DUMMYFUNCTION("TRANSPOSE( FILTER( IF( 'ALL PPR Drafts'!C$2:C1000 = """", 'ALL PPR Drafts'!D$2:D1000 & "" ("" & 'ALL PPR Drafts'!F$2:F1000 & "")"", """" ), VALUE(#REF!) >= 111, VALUE(#REF!) <= 120.99 ) ) "),"#N/A")
B15: =IFERROR(__xludf.DUMMYFUNCTION("TRANSPOSE( FILTER( IF( 'ALL PPR Drafts'!C$2:C1000 = """", 'ALL PPR Drafts'!D$2:D1000 & "" ("" & 'ALL PPR Drafts'!F$2:F1000 & "")"", """" ), VALUE(#REF!) >= 121, VALUE(#REF!) <= 130.99 ) ) "),"#N/A")
B16: =IFERROR(__xludf.DUMMYFUNCTION("TRANSPOSE( FILTER( IF( 'ALL PPR Drafts'!C$2:C1000 = """", 'ALL PPR Drafts'!D$2:D1000 & "" ("" & 'ALL PPR Drafts'!F$2:F1000 & "")"", """" ), VALUE(#REF!) >= 131, VALUE(#REF!) <= 140.99 ) ) "),"#N/A")
B17: =IFERROR(__xludf.DUMMYFUNCTION("TRANSPOSE( FILTER( IF( 'ALL PPR Drafts'!C$2:C1000 = """", 'ALL PPR Drafts'!D$2:D1000 & "" ("" & 'ALL PPR Drafts'!F$2:F1000 & "")"", """" ), VALUE(#REF!) >= 141, VALUE(#REF!) <= 150.99 ) ) "),"#N/A")

Sheet Tiers_AVG
B1: Rank
A2: Average
A3: 1-10 | B3: =IFERROR(__xludf.DUMMYFUNCTION("TRANSPOSE( FILTER( IF( 'ALL PPR Drafts'!C$2:C1000 = """", 'ALL PPR Drafts'!D$2:D1000 & "" ("" & 'ALL PPR Drafts'!F$2:F1000 & "")"", """" ), VALUE('ALL PPR Drafts'!G$2:G1000) >= 1, VALUE('ALL PPR Drafts'!G$2:G1000) <= 10"&" ) ) "),"") | C3: =IFERROR(__xludf.DUMMYFUNCTION("""COMPUTED_VALUE"""),"") | D3: =IFERROR(__xludf.DUMMYFUNCTION("""COMPUTED_VALUE"""),"") | E3: =IFERROR(__xludf.DUMMYFUNCTION("""COMPUTED_VALUE"""),"") | F3: =IFERROR(__xludf.DUMMYFUNCTION("""COMPUTED_VALUE"""),"") | G3: =IFERROR(__xludf.DUMMYFUNCTION("""COMPUTED_VALUE"""),"") | H3: =IFERROR(__xludf.DUMMYFUNCTION("""COMPUTED_VALUE"""),"") | I3: =IFERROR(__xludf.DUMMYFUNCTION("""COMPUTED_VALUE"""),"") | J3: =IFERROR(__xludf.DUMMYFUNCTION("""COMPUTED_VALUE"""),"")
A4: 11-20 | B4: =IFERROR(__xludf.DUMMYFUNCTION("TRANSPOSE( FILTER( IF( 'ALL PPR Drafts'!C$2:C1000 = """", 'ALL PPR Drafts'!D$2:D1000 & "" ("" & 'ALL PPR Drafts'!F$2:F1000 & "")"", """" ), VALUE('ALL PPR Drafts'!G$2:G1000) >= 11, VALUE('ALL PPR Drafts'!G$2:G1000) <= 2"&"0 ) ) "),"") | C4: =IFERROR(__xludf.DUMMYFUNCTION("""COMPUTED_VALUE"""),"") | D4: =IFERROR(__xludf.DUMMYFUNCTION("""COMPUTED_VALUE"""),"") | E4: =IFERROR(__xludf.DUMMYFUNCTION("""COMPUTED_VALUE"""),"") | F4: =IFERROR(__xludf.DUMMYFUNCTION("""COMPUTED_VALUE"""),"") | G4: =IFERROR(__xludf.DUMMYFUNCTION("""COMPUTED_VALUE"""),"") | H4: =IFERROR(__xludf.DUMMYFUNCTION("""COMPUTED_VALUE"""),"")
A5: 21-30 | B5: =IFERROR(__xludf.DUMMYFUNCTION("TRANSPOSE( FILTER( IF( 'ALL PPR Drafts'!C$2:C1000 = """", 'ALL PPR Drafts'!D$2:D1000 & "" ("" & 'ALL PPR Drafts'!F$2:F1000 & "")"", """" ), VALUE('ALL PPR Drafts'!G$2:G1000) >= 21, VALUE('ALL PPR Drafts'!G$2:G1000) <= 3"&"0 ) ) "),"") | C5: =IFERROR(__xludf.DUMMYFUNCTION("""COMPUTED_VALUE"""),"") | D5: =IFERROR(__xludf.DUMMYFUNCTION("""COMPUTED_VALUE"""),"") | E5: =IFERROR(__xludf.DUMMYFUNCTION("""COMPUTED_VALUE"""),"Derrick Henry (RB)") | F5: =IFERROR(__xludf.DUMMYFUNCTION("""COMPUTED_VALUE"""),"") | G5: =IFERROR(__xludf.DUMMYFUNCTION("""COMPUTED_VALUE"""),"") | H5: =IFERROR(__xludf.DUMMYFUNCTION("""COMPUTED_VALUE"""),"Lamar Jackson (QB)") | I5: =IFERROR(__xludf.DUMMYFUNCTION("""COMPUTED_VALUE"""),"Tee Higgins (WR)") | J5: =IFERROR(__xludf.DUMMYFUNCTION("""COMPUTED_VALUE"""),"Kenneth Walker III (RB)")
A6: 31-40 | B6: =IFERROR(__xludf.DUMMYFUNCTION("TRANSPOSE( FILTER( IF( 'ALL PPR Drafts'!C$2:C1000 = """", 'ALL PPR Drafts'!D$2:D1000 & "" ("" & 'ALL PPR Drafts'!F$2:F1000 & "")"", """" ), VALUE('ALL PPR Drafts'!G$2:G1000) >= 31, VALUE('ALL PPR Drafts'!G$2:G1000) <= 4"&"0 ) ) "),"Josh Jacobs (RB)") | C6: =IFERROR(__xludf.DUMMYFUNCTION("""COMPUTED_VALUE"""),"") | D6: =IFERROR(__xludf.DUMMYFUNCTION("""COMPUTED_VALUE"""),"") | E6: =IFERROR(__xludf.DUMMYFUNCTION("""COMPUTED_VALUE"""),"Davante Adams (WR)")
A7: 41-50 | B7: =IFERROR(__xludf.DUMMYFUNCTION("TRANSPOSE( FILTER( IF( 'ALL PPR Drafts'!C$2:C1000 = """", 'ALL PPR Drafts'!D$2:D1000 & "" ("" & 'ALL PPR Drafts'!F$2:F1000 & "")"", """" ), VALUE('ALL PPR Drafts'!G$2:G1000) >= 41, VALUE('ALL PPR Drafts'!G$2:G1000) <= 5"&"0 ) ) "),"Breece Hall (RB)") | C7: =IFERROR(__xludf.DUMMYFUNCTION("""COMPUTED_VALUE"""),"Tucker Kraft (TE)") | D7: =IFERROR(__xludf.DUMMYFUNCTION("""COMPUTED_VALUE"""),"") | E7: =IFERROR(__xludf.DUMMYFUNCTION("""COMPUTED_VALUE"""),"Zay Flowers (WR)") | F7: =IFERROR(__xludf.DUMMYFUNCTION("""COMPUTED_VALUE"""),"Joe Burrow (QB)") | G7: =IFERROR(__xludf.DUMMYFUNCTION("""COMPUTED_VALUE"""),"Javonte Williams (RB)") | H7: =IFERROR(__xludf.DUMMYFUNCTION("""COMPUTED_VALUE"""),"Travis Etienne Jr. (RB)") | I7: =IFERROR(__xludf.DUMMYFUNCTION("""COMPUTED_VALUE"""),"Jameson Williams (WR)") | J7: =IFERROR(__xludf.DUMMYFUNCTION("""COMPUTED_VALUE"""),"Jayden Daniels (QB)") | K7: =IFERROR(__xludf.DUMMYFUNCTION("""COMPUTED_VALUE"""),"Carnell Tate (WR)") | L7: =IFERROR(__xludf.DUMMYFUNCTION("""COMPUTED_VALUE"""),"Bucky Irving (RB)") | M7: =IFERROR(__xludf.DUMMYFUNCTION("""COMPUTED_VALUE"""),"Ladd McConkey (WR)") | N7: =IFERROR(__xludf.DUMMYFUNCTION("""COMPUTED_VALUE"""),"Terry McLaurin (WR)") | O7: =IFERROR(__xludf.DUMMYFUNCTION("""COMPUTED_VALUE"""),"Colston Loveland (TE)")
A8: 51-60 | B8: =IFERROR(__xludf.DUMMYFUNCTION("TRANSPOSE( FILTER( IF( 'ALL PPR Drafts'!C$2:C1000 = """", 'ALL PPR Drafts'!D$2:D1000 & "" ("" & 'ALL PPR Drafts'!F$2:F1000 & "")"", """" ), VALUE('ALL PPR Drafts'!G$2:G1000) >= 51, VALUE('ALL PPR Drafts'!G$2:G1000) <= 6"&"0 ) ) "),"Jaylen Waddle (WR)") | C8: =IFERROR(__xludf.DUMMYFUNCTION("""COMPUTED_VALUE"""),"Christian Watson (WR)") | D8: =IFERROR(__xludf.DUMMYFUNCTION("""COMPUTED_VALUE"""),"TreVeyon Henderson (RB)") | E8: =IFERROR(__xludf.DUMMYFUNCTION("""COMPUTED_VALUE"""),"Jalen Hurts (QB)") | F8: =IFERROR(__xludf.DUMMYFUNCTION("""COMPUTED_VALUE"""),"Luther Burden III (WR)") | G8: =IFERROR(__xludf.DUMMYFUNCTION("""COMPUTED_VALUE"""),"Emeka Egbuka (WR)") | H8: =IFERROR(__xludf.DUMMYFUNCTION("""COMPUTED_VALUE"""),"Mike Evans (WR)") | I8: =IFERROR(__xludf.DUMMYFUNCTION("""COMPUTED_VALUE"""),"DeVonta Smith (WR)") | J8: =IFERROR(__xludf.DUMMYFUNCTION("""COMPUTED_VALUE"""),"D'Andre Swift (RB)")
A9: 61-70 | B9: =IFERROR(__xludf.DUMMYFUNCTION("TRANSPOSE( FILTER( IF( 'ALL PPR Drafts'!C$2:C1000 = """", 'ALL PPR Drafts'!D$2:D1000 & "" ("" & 'ALL PPR Drafts'!F$2:F1000 & "")"", """" ), VALUE('ALL PPR Drafts'!G$2:G1000) >= 61, VALUE('ALL PPR Drafts'!G$2:G1000) <= 7"&"0 ) ) "),"Quinshon Judkins (RB)") | C9: =IFERROR(__xludf.DUMMYFUNCTION("""COMPUTED_VALUE"""),"Makai Lemon (WR)") | D9: =IFERROR(__xludf.DUMMYFUNCTION("""COMPUTED_VALUE"""),"David Montgomery (RB)") | E9: =IFERROR(__xludf.DUMMYFUNCTION("""COMPUTED_VALUE"""),"DJ Moore (WR)") | F9: =IFERROR(__xludf.DUMMYFUNCTION("""COMPUTED_VALUE"""),"Bhayshul Tuten (RB)") | G9: =IFERROR(__xludf.DUMMYFUNCTION("""COMPUTED_VALUE"""),"Jordyn Tyson (WR)") | H9: =IFERROR(__xludf.DUMMYFUNCTION("""COMPUTED_VALUE"""),"Rome Odunze (WR)") | I9: =IFERROR(__xludf.DUMMYFUNCTION("""COMPUTED_VALUE"""),"RJ Harvey (RB)") | J9: =IFERROR(__xludf.DUMMYFUNCTION("""COMPUTED_VALUE"""),"Tyler Warren (TE)") | K9: =IFERROR(__xludf.DUMMYFUNCTION("""COMPUTED_VALUE"""),"Alec Pierce (WR)") | L9: =IFERROR(__xludf.DUMMYFUNCTION("""COMPUTED_VALUE"""),"Jaxson Dart (QB)")
A10: 71-80 | B10: =IFERROR(__xludf.DUMMYFUNCTION("TRANSPOSE( FILTER( IF( 'ALL PPR Drafts'!C$2:C1000 = """", 'ALL PPR Drafts'!D$2:D1000 & "" ("" & 'ALL PPR Drafts'!F$2:F1000 & "")"", """" ), VALUE('ALL PPR Drafts'!G$2:G1000) >= 71, VALUE('ALL PPR Drafts'!G$2:G1000) <= 8"&"0 ) ) "),"Caleb Williams (QB)") | C10: =IFERROR(__xludf.DUMMYFUNCTION("""COMPUTED_VALUE"""),"Jaylen Warren (RB)") | D10: =IFERROR(__xludf.DUMMYFUNCTION("""COMPUTED_VALUE"""),"Courtland Sutton (WR)") | E10: =IFERROR(__xludf.DUMMYFUNCTION("""COMPUTED_VALUE"""),"Harold Fannin Jr. (TE)") | F10: =IFERROR(__xludf.DUMMYFUNCTION("""COMPUTED_VALUE"""),"DK Metcalf (WR)") | G10: =IFERROR(__xludf.DUMMYFUNCTION("""COMPUTED_VALUE"""),"Justin Herbert (QB)") | H10: =IFERROR(__xludf.DUMMYFUNCTION("""COMPUTED_VALUE"""),"Kyle Monangai (RB)")
A11: 81-90 | B11: =IFERROR(__xludf.DUMMYFUNCTION("TRANSPOSE( FILTER( IF( 'ALL PPR Drafts'!C$2:C1000 = """", 'ALL PPR Drafts'!D$2:D1000 & "" ("" & 'ALL PPR Drafts'!F$2:F1000 & "")"", """" ), VALUE('ALL PPR Drafts'!G$2:G1000) >= 81, VALUE('ALL PPR Drafts'!G$2:G1000) <= 9"&"0 ) ) "),"Rico Dowdle (RB)") | C11: =IFERROR(__xludf.DUMMYFUNCTION("""COMPUTED_VALUE"""),"Marvin Harrison Jr. (WR)") | D11: =IFERROR(__xludf.DUMMYFUNCTION("""COMPUTED_VALUE"""),"Rhamondre Stevenson (RB)") | E11: =IFERROR(__xludf.DUMMYFUNCTION("""COMPUTED_VALUE"""),"Sam LaPorta (TE)") | F11: =IFERROR(__xludf.DUMMYFUNCTION("""COMPUTED_VALUE"""),"Trevor Lawrence (QB)") | G11: =IFERROR(__xludf.DUMMYFUNCTION("""COMPUTED_VALUE"""),"Kyle Pitts Sr. (TE)") | H11: =IFERROR(__xludf.DUMMYFUNCTION("""COMPUTED_VALUE"""),"Dak Prescott (QB)") | I11: =IFERROR(__xludf.DUMMYFUNCTION("""COMPUTED_VALUE"""),"Tyler Allgeier (RB)")
A12: 91-100 | B12: =IFERROR(__xludf.DUMMYFUNCTION("TRANSPOSE( FILTER( IF( 'ALL PPR Drafts'!C$2:C1000 = """", 'ALL PPR Drafts'!D$2:D1000 & "" ("" & 'ALL PPR Drafts'!F$2:F1000 & "")"", """" ), VALUE('ALL PPR Drafts'!G$2:G1000) >= 91, VALUE('ALL PPR Drafts'!G$2:G1000) <= 1"&"00 ) ) "),"Patrick Mahomes II (QB)") | C12: =IFERROR(__xludf.DUMMYFUNCTION("""COMPUTED_VALUE"""),"Chuba Hubbard (RB)") | D12: =IFERROR(__xludf.DUMMYFUNCTION("""COMPUTED_VALUE"""),"Michael Wilson (WR)") | E12: =IFERROR(__xludf.DUMMYFUNCTION("""COMPUTED_VALUE"""),"Jordan Addison (WR)") | F12: =IFERROR(__xludf.DUMMYFUNCTION("""COMPUTED_VALUE"""),"Zach Charbonnet (RB)") | G12: =IFERROR(__xludf.DUMMYFUNCTION("""COMPUTED_VALUE"""),"Chris Godwin Jr. (WR)")
A13: 101-110 | B13: =IFERROR(__xludf.DUMMYFUNCTION("TRANSPOSE( FILTER( IF( 'ALL PPR Drafts'!C$2:C1000 = """", 'ALL PPR Drafts'!D$2:D1000 & "" ("" & 'ALL PPR Drafts'!F$2:F1000 & "")"", """" ), VALUE('ALL PPR Drafts'!G$2:G1000) >= 101, VALUE('ALL PPR Drafts'!G$2:G1000) <= "&"110 ) ) "),"J.K. Dobbins (RB)") | C13: =IFERROR(__xludf.DUMMYFUNCTION("""COMPUTED_VALUE"""),"Dalton Kincaid (TE)") | D13: =IFERROR(__xludf.DUMMYFUNCTION("""COMPUTED_VALUE"""),"Jacory Croskey-Merritt (RB)") | E13: =IFERROR(__xludf.DUMMYFUNCTION("""COMPUTED_VALUE"""),"Bo Nix (QB)") | F13: =IFERROR(__xludf.DUMMYFUNCTION("""COMPUTED_VALUE"""),"Matthew Stafford (QB)") | G13: =IFERROR(__xludf.DUMMYFUNCTION("""COMPUTED_VALUE"""),"Ricky Pearsall (WR)") | H13: =IFERROR(__xludf.DUMMYFUNCTION("""COMPUTED_VALUE"""),"Parker Washington (WR)") | I13: =IFERROR(__xludf.DUMMYFUNCTION("""COMPUTED_VALUE"""),"Quentin Johnston (WR)") | J13: =IFERROR(__xludf.DUMMYFUNCTION("""COMPUTED_VALUE"""),"Oronde Gadsden II (TE)") | K13: =IFERROR(__xludf.DUMMYFUNCTION("""COMPUTED_VALUE"""),"Michael Pittman Jr. (WR)") | L13: =IFERROR(__xludf.DUMMYFUNCTION("""COMPUTED_VALUE"""),"Woody Marks (RB)")
A14: 111-120 | B14: =IFERROR(__xludf.DUMMYFUNCTION("TRANSPOSE( FILTER( IF( 'ALL PPR Drafts'!C$2:C1000 = """", 'ALL PPR Drafts'!D$2:D1000 & "" ("" & 'ALL PPR Drafts'!F$2:F1000 & "")"", """" ), VALUE('ALL PPR Drafts'!G$2:G1000) >= 111, VALUE('ALL PPR Drafts'!G$2:G1000) <= "&"120 ) ) "),"Jordan Love (QB)") | C14: =IFERROR(__xludf.DUMMYFUNCTION("""COMPUTED_VALUE"""),"Brandon Aiyuk (WR)") | D14: =IFERROR(__xludf.DUMMYFUNCTION("""COMPUTED_VALUE"""),"Jakobi Meyers (WR)") | E14: =IFERROR(__xludf.DUMMYFUNCTION("""COMPUTED_VALUE"""),"Jared Goff (QB)") | F14: =IFERROR(__xludf.DUMMYFUNCTION("""COMPUTED_VALUE"""),"Aaron Jones Sr. (RB)") | G14: =IFERROR(__xludf.DUMMYFUNCTION("""COMPUTED_VALUE"""),"Jake Ferguson (TE)") | H14: =IFERROR(__xludf.DUMMYFUNCTION("""COMPUTED_VALUE"""),"Wan'Dale Robinson (WR)") | I14: =IFERROR(__xludf.DUMMYFUNCTION("""COMPUTED_VALUE"""),"Denzel Boston (WR)") | J14: =IFERROR(__xludf.DUMMYFUNCTION("""COMPUTED_VALUE"""),"Jordan Mason (RB)")
A15: 121-130 | B15: =IFERROR(__xludf.DUMMYFUNCTION("TRANSPOSE( FILTER( IF( 'ALL PPR Drafts'!C$2:C1000 = """", 'ALL PPR Drafts'!D$2:D1000 & "" ("" & 'ALL PPR Drafts'!F$2:F1000 & "")"", """" ), VALUE('ALL PPR Drafts'!G$2:G1000) >= 121, VALUE('ALL PPR Drafts'!G$2:G1000) <= "&"130 ) ) "),"Juwan Johnson (TE)") | C15: =IFERROR(__xludf.DUMMYFUNCTION("""COMPUTED_VALUE"""),"James Conner (RB)") | D15: =IFERROR(__xludf.DUMMYFUNCTION("""COMPUTED_VALUE"""),"Jayden Higgins (WR)") | E15: =IFERROR(__xludf.DUMMYFUNCTION("""COMPUTED_VALUE"""),"Jauan Jennings (WR)") | F15: =IFERROR(__xludf.DUMMYFUNCTION("""COMPUTED_VALUE"""),"Malik Willis (QB)") | G15: =IFERROR(__xludf.DUMMYFUNCTION("""COMPUTED_VALUE"""),"Brenton Strange (TE)") | H15: =IFERROR(__xludf.DUMMYFUNCTION("""COMPUTED_VALUE"""),"Tyler Shough (QB)") | I15: =IFERROR(__xludf.DUMMYFUNCTION("""COMPUTED_VALUE"""),"Kyler Murray (QB)") | J15: =IFERROR(__xludf.DUMMYFUNCTION("""COMPUTED_VALUE"""),"Baker Mayfield (QB)") | K15: =IFERROR(__xludf.DUMMYFUNCTION("""COMPUTED_VALUE"""),"Travis Kelce (TE)") | L15: =IFERROR(__xludf.DUMMYFUNCTION("""COMPUTED_VALUE"""),"K.C. Concepcion (WR)")
A16: 131-140 | B16: =IFERROR(__xludf.DUMMYFUNCTION("TRANSPOSE( FILTER( IF( 'ALL PPR Drafts'!C$2:C1000 = """", 'ALL PPR Drafts'!D$2:D1000 & "" ("" & 'ALL PPR Drafts'!F$2:F1000 & "")"", """" ), VALUE('ALL PPR Drafts'!G$2:G1000) >= 131, VALUE('ALL PPR Drafts'!G$2:G1000) <= "&"140 ) ) "),"Dallas Goedert (TE)") | C16: =IFERROR(__xludf.DUMMYFUNCTION("""COMPUTED_VALUE"""),"Jadarian Price (RB)") | D16: =IFERROR(__xludf.DUMMYFUNCTION("""COMPUTED_VALUE"""),"Braelon Allen (RB)") | E16: =IFERROR(__xludf.DUMMYFUNCTION("""COMPUTED_VALUE"""),"Jayden Reed (WR)") | F16: =IFERROR(__xludf.DUMMYFUNCTION("""COMPUTED_VALUE"""),"Kenneth Gainwell (RB)") | G16: =IFERROR(__xludf.DUMMYFUNCTION("""COMPUTED_VALUE"""),"Romeo Doubs (WR)") | H16: =IFERROR(__xludf.DUMMYFUNCTION("""COMPUTED_VALUE"""),"Tyrone Tracy Jr. (RB)") | I16: =IFERROR(__xludf.DUMMYFUNCTION("""COMPUTED_VALUE"""),"George Kittle (TE)") | J16: =IFERROR(__xludf.DUMMYFUNCTION("""COMPUTED_VALUE"""),"Hunter Henry (TE)") | K16: =IFERROR(__xludf.DUMMYFUNCTION("""COMPUTED_VALUE"""),"Xavier Worthy (WR)") | L16: =IFERROR(__xludf.DUMMYFUNCTION("""COMPUTED_VALUE"""),"Khalil Shakir (WR)")
A17: 141-150 | B17: =IFERROR(__xludf.DUMMYFUNCTION("TRANSPOSE( FILTER( IF( 'ALL PPR Drafts'!C$2:C1000 = """", 'ALL PPR Drafts'!D$2:D1000 & "" ("" & 'ALL PPR Drafts'!F$2:F1000 & "")"", """" ), VALUE('ALL PPR Drafts'!G$2:G1000) >= 141, VALUE('ALL PPR Drafts'!G$2:G1000) <= "&"150 ) ) "),"C.J. Stroud (QB)") | C17: =IFERROR(__xludf.DUMMYFUNCTION("""COMPUTED_VALUE"""),"Josh Downs (WR)") | D17: =IFERROR(__xludf.DUMMYFUNCTION("""COMPUTED_VALUE"""),"Emmett Johnson (RB)") | E17: =IFERROR(__xludf.DUMMYFUNCTION("""COMPUTED_VALUE"""),"Rachaad White (RB)") | F17: =IFERROR(__xludf.DUMMYFUNCTION("""COMPUTED_VALUE"""),"Stefon Diggs (WR)") | G17: =IFERROR(__xludf.DUMMYFUNCTION("""COMPUTED_VALUE"""),"Alvin Kamara (RB)") | H17: =IFERROR(__xludf.DUMMYFUNCTION("""COMPUTED_VALUE"""),"Tank Bigsby (RB)") | I17: =IFERROR(__xludf.DUMMYFUNCTION("""COMPUTED_VALUE"""),"Sam Darnold (QB)") | J17: =IFERROR(__xludf.DUMMYFUNCTION("""COMPUTED_VALUE"""),"Houston Texans (DS)") | K17: =IFERROR(__xludf.DUMMYFUNCTION("""COMPUTED_VALUE"""),"Jonathon Brooks (RB)")
